ms,microvolts,trialstart,oddball
0,19.165,5,0
3.33333E-05,19.165,5,0
6.66667E-05,20.6604,5,0
0.0001,20.6604,5,0
0.000133333,20.8282,5,0
0.000166667,20.8282,5,0
0.0002,20.1416,5,0
0.000233333,20.1416,5,0
0.000266667,18.1732,5,0
0.0003,18.1732,5,0
0.000333333,14.801,5,0
0.000366667,14.801,5,0
0.0004,11.795,5,0
0.000433333,11.795,5,0
0.000466667,9.82666,5,0
0.0005,9.82666,5,0
0.000533333,8.37708,5,0
0.000566667,8.37708,5,0
0.0006,7.96509,5,0
0.000633333,7.96509,5,0
0.000666667,7.8125,5,0
0.0007,7.8125,5,0
0.000733333,7.47681,5,0
0.000766667,7.47681,5,0
0.0008,7.53784,5,0
0.000833333,7.53784,5,0
0.000866667,8.23975,5,0
0.0009,8.23975,5,0
0.000933333,9.44519,5,0
0.000966667,9.44519,5,0
0.001,9.96399,5,0
0.00103333,9.96399,5,0
0.00106667,9.85718,5,0
0.0011,9.85718,5,0
0.00113333,7.88879,5,0
0.00116667,7.88879,5,0
0.0012,6.11877,5,0
0.00123333,6.11877,5,0
0.00126667,5.67627,5,0
0.0013,5.67627,5,0
0.00133333,5.87463,5,0
0.00136667,5.87463,5,0
0.0014,6.79016,5,0
0.00143333,6.79016,5,0
0.00146667,7.69043,5,0
0.0015,7.69043,5,0
0.00153333,8.22449,5,0
0.00156667,8.22449,5,0
0.0016,8.11768,5,0
0.00163333,8.11768,5,0
0.00166667,6.60706,5,0
0.0017,6.60706,5,0
0.00173333,5.87463,5,0
0.00176667,5.87463,5,0
0.0018,4.16565,5,0
0.00183333,4.16565,5,0
0.00186667,2.59399,5,0
0.0019,2.59399,5,0
0.00193333,2.21252,5,0
0.00196667,2.21252,5,0
0.002,1.57166,5,0
0.00203333,1.57166,5,0
0.00206667,1.66321,5,0
0.0021,1.66321,5,0
0.00213333,3.37219,5,0
0.00216667,3.37219,5,0
0.0022,6.36292,5,0
0.00223333,6.36292,5,0
0.00226667,10.5133,5,0
0.0023,10.5133,5,0
0.00233333,12.7869,5,0
0.00236667,12.7869,5,0
0.0024,12.2681,5,0
0.00243333,12.2681,5,0
0.00246667,9.8114,5,0
0.0025,9.8114,5,0
0.00253333,6.42395,5,0
0.00256667,6.42395,5,0
0.0026,4.68445,5,0
0.00263333,4.68445,5,0
0.00266667,5.31006,5,0
0.0027,5.31006,5,0
0.00273333,7.44629,5,0
0.00276667,7.44629,5,0
0.0028,10.8795,5,0
0.00283333,10.8795,5,0
0.00286667,13.6108,5,0
0.0029,13.6108,5,0
0.00293333,15.7623,5,0
0.00296667,15.7623,5,0
0.003,16.3269,5,0
0.00303333,16.3269,5,0
0.00306667,14.9384,5,0
0.0031,14.9384,5,0
0.00313333,13.4125,5,0
0.00316667,13.4125,5,0
0.0032,12.8326,5,0
0.00323333,12.8326,5,0
0.00326667,11.8561,5,0
0.0033,11.8561,5,0
0.00333333,11.2305,5,0
0.00336667,11.2305,5,0
0.0034,11.7645,5,0
0.00343333,11.7645,5,0
0.00346667,12.6953,5,0
0.0035,12.6953,5,0
0.00353333,14.6179,5,0
0.00356667,14.6179,5,0
0.0036,16.2201,5,0
0.00363333,16.2201,5,0
0.00366667,15.6555,5,0
0.0037,15.6555,5,0
0.00373333,13.4583,5,0
0.00376667,13.4583,5,0
0.0038,12.0087,5,0
0.00383333,12.0087,5,0
0.00386667,12.3138,5,0
0.0039,12.3138,5,0
0.00393333,14.8315,5,0
0.00396667,14.8315,5,0
0.004,16.9373,5,0
0.00403333,16.9373,5,0
0.00406667,15.976,5,0
0.0041,15.976,5,0
0.00413333,12.2986,5,0
0.00416667,12.2986,5,0
0.0042,7.21741,5,0
0.00423333,7.21741,5,0
0.00426667,3.0365,5,0
0.0043,3.0365,5,0
0.00433333,1.8158,5,0
0.00436667,1.8158,5,0
0.0044,4.31824,5,0
0.00443333,4.31824,5,0
0.00446667,8.81958,5,0
0.0045,8.81958,5,0
0.00453333,12.6495,5,0
0.00456667,12.6495,5,0
0.0046,14.5569,5,0
0.00463333,14.5569,5,0
0.00466667,14.8468,5,0
0.0047,14.8468,5,0
0.00473333,13.8702,5,0
0.00476667,13.8702,5,0
0.0048,13.6261,5,0
0.00483333,13.6261,5,0
0.00486667,14.6027,5,0
0.0049,14.6027,5,0
0.00493333,15.3046,5,0
0.00496667,15.3046,5,0
0.005,14.4806,5,0
0.00503333,14.4806,5,0
0.00506667,12.2528,5,0
0.0051,12.2528,5,0
0.00513333,9.15527,5,0
0.00516667,9.15527,5,0
0.0052,6.66809,5,0
0.00523333,6.66809,5,0
0.00526667,6.16455,5,0
0.0053,6.16455,5,0
0.00533333,7.75146,5,0
0.00536667,7.75146,5,0
0.0054,10.3455,5,0
0.00543333,10.3455,5,0
0.00546667,11.0779,5,0
0.0055,11.0779,5,0
0.00553333,9.3689,5,0
0.00556667,9.3689,5,0
0.0056,6.01196,5,0
0.00563333,6.01196,5,0
0.00566667,3.58582,5,0
0.0057,3.58582,5,0
0.00573333,3.14331,5,0
0.00576667,3.14331,5,0
0.0058,5.17273,5,0
0.00583333,5.17273,5,0
0.00586667,7.84302,5,0
0.0059,7.84302,5,0
0.00593333,9.01794,5,0
0.00596667,9.01794,5,0
0.006,8.28552,5,0
0.00603333,8.28552,5,0
0.00606667,7.17163,5,0
0.0061,7.17163,5,0
0.00613333,7.73621,5,0
0.00616667,7.73621,5,0
0.0062,11.1237,5,0
0.00623333,11.1237,5,0
0.00626667,15.6708,5,0
0.0063,15.6708,5,0
0.00633333,18.5089,5,0
0.00636667,18.5089,5,0
0.0064,19.6838,5,0
0.00643333,19.6838,5,0
0.00646667,17.5018,5,0
0.0065,17.5018,5,0
0.00653333,14.267,5,0
0.00656667,14.267,5,0
0.0066,12.6495,5,0
0.00663333,12.6495,5,0
0.00666667,12.207,5,0
0.0067,12.207,5,0
0.00673333,12.6495,5,0
0.00676667,12.6495,5,0
0.0068,13.3057,5,0
0.00683333,13.3057,5,0
0.00686667,13.5651,5,0
0.0069,13.5651,5,0
0.00693333,13.092,5,0
0.00696667,13.092,5,0
0.007,12.9547,5,0
0.00703333,12.9547,5,0
0.00706667,12.3749,5,0
0.0071,12.3749,5,0
0.00713333,12.1765,5,0
0.00716667,12.1765,5,0
0.0072,11.5662,5,0
0.00723333,11.5662,5,0
0.00726667,9.01794,5,0
0.0073,9.01794,5,0
0.00733333,6.54602,5,0
0.00736667,6.54602,5,0
0.0074,5.5542,5,0
0.00743333,5.5542,5,0
0.00746667,5.76782,5,0
0.0075,5.76782,5,0
0.00753333,6.65283,5,0
0.00756667,6.65283,5,0
0.0076,8.39233,5,0
0.00763333,8.39233,5,0
0.00766667,9.58252,5,0
0.0077,9.58252,5,0
0.00773333,11.673,5,0
0.00776667,11.673,5,0
0.0078,16.0828,5,0
0.00783333,16.0828,5,0
0.00786667,21.347,5,0
0.0079,21.347,5,0
0.00793333,26.1841,5,0
0.00796667,26.1841,5,0
0.008,29.2358,5,0
0.00803333,29.2358,5,0
0.00806667,29.3427,5,0
0.0081,29.3427,5,0
0.00813333,26.886,5,0
0.00816667,26.886,5,0
0.0082,23.407,5,0
0.00823333,23.407,5,0
0.00826667,19.5923,5,0
0.0083,19.5923,5,0
0.00833333,16.6779,5,0
0.00836667,16.6779,5,0
0.0084,15.5792,5,0
0.00843333,15.5792,5,0
0.00846667,15.7928,5,0
0.0085,15.7928,5,0
0.00853333,16.9373,5,0
0.00856667,16.9373,5,0
0.0086,17.2577,5,0
0.00863333,17.2577,5,0
0.00866667,16.7236,5,0
0.0087,16.7236,5,0
0.00873333,14.6484,5,0
0.00876667,14.6484,5,0
0.0088,13.0768,5,0
0.00883333,13.0768,5,0
0.00886667,13.855,5,0
0.0089,13.855,5,0
0.00893333,13.9618,5,0
0.00896667,13.9618,5,0
0.009,15.1825,5,0
0.00903333,15.1825,5,0
0.00906667,15.1825,5,0
0.0091,15.1825,5,0
0.00913333,14.4501,5,0
0.00916667,14.4501,5,0
0.0092,14.6637,5,0
0.00923333,14.6637,5,0
0.00926667,15.5182,5,0
0.0093,15.5182,5,0
0.00933333,16.4642,5,0
0.00936667,16.4642,5,0
0.0094,17.8986,5,0
0.00943333,17.8986,5,0
0.00946667,18.7073,5,0
0.0095,18.7073,5,0
0.00953333,19.2108,5,0
0.00956667,19.2108,5,0
0.0096,19.928,5,0
0.00963333,19.928,5,0
0.00966667,20.0806,5,0
0.0097,20.0806,5,0
0.00973333,20.4926,5,0
0.00976667,20.4926,5,0
0.0098,20.5841,5,0
0.00983333,20.5841,5,0
0.00986667,20.5688,5,0
0.0099,20.5688,5,0
0.00993333,19.2108,5,0
0.00996667,19.2108,5,0
0.01,16.9525,5,0
0.0100333,16.9525,5,0
0.0100667,14.2517,5,0
0.0101,14.2517,5,0
0.0101333,11.9019,5,0
0.0101667,11.9019,5,0
0.0102,10.9711,5,0
0.0102333,10.9711,5,0
0.0102667,10.849,5,0
0.0103,10.849,5,0
0.0103333,10.8948,5,0
0.0103667,10.8948,5,0
0.0104,10.788,5,0
0.0104333,10.788,5,0
0.0104667,9.97925,5,0
0.0105,9.97925,5,0
0.0105333,8.40759,5,0
0.0105667,8.40759,5,0
0.0106,7.49207,5,0
0.0106333,7.49207,5,0
0.0106667,7.0343,5,0
0.0107,7.0343,5,0
0.0107333,7.53784,5,0
0.0107667,7.53784,5,0
0.0108,8.97217,5,0
0.0108333,8.97217,5,0
0.0108667,10.7422,5,0
0.0109,10.7422,5,0
0.0109333,12.1613,5,0
0.0109667,12.1613,5,0
0.011,12.1613,5,0
0.0110333,12.1613,5,0
0.0110667,11.5967,5,0
0.0111,11.5967,5,0
0.0111333,10.5133,5,0
0.0111667,10.5133,5,0
0.0112,9.65881,5,0
0.0112333,9.65881,5,0
0.0112667,9.67407,5,0
0.0113,9.67407,5,0
0.0113333,9.14001,5,0
0.0113667,9.14001,5,0
0.0114,7.91931,5,0
0.0114333,7.91931,5,0
0.0114667,6.10352,5,0
0.0115,6.10352,5,0
0.0115333,4.63867,5,0
0.0115667,4.63867,5,0
0.0116,3.61633,5,0
0.0116333,3.61633,5,0
0.0116667,4.13513,5,0
0.0117,4.13513,5,0
0.0117333,6.36292,5,0
0.0117667,6.36292,5,0
0.0118,8.98743,5,0
0.0118333,8.98743,5,0
0.0118667,10.7422,5,0
0.0119,10.7422,5,0
0.0119333,10.9406,5,0
0.0119667,10.9406,5,0
0.012,10.3455,5,0
0.0120333,10.3455,5,0
0.0120667,9.52148,5,0
0.0121,9.52148,5,0
0.0121333,9.17053,5,0
0.0121667,9.17053,5,0
0.0122,9.56726,5,0
0.0122333,9.56726,5,0
0.0122667,10.2234,5,0
0.0123,10.2234,5,0
0.0123333,10.8185,5,0
0.0123667,10.8185,5,0
0.0124,10.9253,5,0
0.0124333,10.9253,5,0
0.0124667,10.6812,5,0
0.0125,10.6812,5,0
0.0125333,9.3689,5,0
0.0125667,9.3689,5,0
0.0126,7.40051,5,0
0.0126333,7.40051,5,0
0.0126667,6.01196,5,0
0.0127,6.01196,5,0
0.0127333,5.56946,5,0
0.0127667,5.56946,5,0
0.0128,5.47791,5,0
0.0128333,5.47791,5,0
0.0128667,5.76782,5,0
0.0129,5.76782,5,0
0.0129333,6.01196,5,0
0.0129667,6.01196,5,0
0.013,7.0343,5,0
0.0130333,7.0343,5,0
0.0130667,8.98743,5,0
0.0131,8.98743,5,0
0.0131333,10.2844,5,0
0.0131667,10.2844,5,0
0.0132,9.39941,5,0
0.0132333,9.39941,5,0
0.0132667,6.5918,5,0
0.0133,6.5918,5,0
0.0133333,2.67029,5,0
0.0133667,2.67029,5,0
0.0134,0.778198,5,0
0.0134333,0.778198,5,0
0.0134667,0.518799,5,0
0.0135,0.518799,5,0
0.0135333,2.82288,5,0
0.0135667,2.82288,5,0
0.0136,6.073,5,0
0.0136333,6.073,5,0
0.0136667,8.28552,5,0
0.0137,8.28552,5,0
0.0137333,9.20105,5,0
0.0137667,9.20105,5,0
0.0138,7.50732,5,0
0.0138333,7.50732,5,0
0.0138667,5.06592,5,0
0.0139,5.06592,5,0
0.0139333,2.97546,5,0
0.0139667,2.97546,5,0
0.014,3.40271,5,0
0.0140333,3.40271,5,0
0.0140667,6.69861,5,0
0.0141,6.69861,5,0
0.0141333,11.3373,5,0
0.0141667,11.3373,5,0
0.0142,15.6708,5,0
0.0142333,15.6708,5,0
0.0142667,18.9514,5,0
0.0143,18.9514,5,0
0.0143333,19.8669,5,0
0.0143667,19.8669,5,0
0.0144,14.8773,5,0
0.0144333,14.8773,5,0
0.0144667,8.36182,5,0
0.0145,8.36182,5,0
0.0145333,2.62451,5,0
0.0145667,2.62451,5,0
0.0146,-2.21252,5,0
0.0146333,-2.21252,5,0
0.0146667,-3.15857,5,0
0.0147,-3.15857,5,0
0.0147333,-2.53296,5,0
0.0147667,-2.53296,5,0
0.0148,-3.28064,5,0
0.0148333,-3.28064,5,0
0.0148667,-4.92859,5,0
0.0149,-4.92859,5,0
0.0149333,-5.93567,5,0
0.0149667,-5.93567,5,0
0.015,-4.73022,5,0
0.0150333,-4.73022,5,0
0.0150667,-2.38037,5,0
0.0151,-2.38037,5,0
0.0151333,1.77002,5,0
0.0151667,1.77002,5,0
0.0152,5.8136,5,0
0.0152333,5.8136,5,0
0.0152667,7.61414,5,0
0.0153,7.61414,5,0
0.0153333,7.37,5,0
0.0153667,7.37,5,0
0.0154,5.40161,5,0
0.0154333,5.40161,5,0
0.0154667,3.64685,5,0
0.0155,3.64685,5,0
0.0155333,2.86865,5,0
0.0155667,2.86865,5,0
0.0156,3.61633,5,0
0.0156333,3.61633,5,0
0.0156667,4.71497,5,0
0.0157,4.71497,5,0
0.0157333,5.06592,5,0
0.0157667,5.06592,5,0
0.0158,4.89807,5,0
0.0158333,4.89807,5,0
0.0158667,3.75366,5,0
0.0159,3.75366,5,0
0.0159333,2.60925,5,0
0.0159667,2.60925,5,0
0.016,2.63977,5,0
0.0160333,2.63977,5,0
0.0160667,3.92151,5,0
0.0161,3.92151,5,0
0.0161333,4.54712,5,0
0.0161667,4.54712,5,0
0.0162,3.05176,5,0
0.0162333,3.05176,5,0
0.0162667,0.0915527,5,0
0.0163,0.0915527,5,0
0.0163333,-2.18201,5,0
0.0163667,-2.18201,5,0
0.0164,-3.2196,5,0
0.0164333,-3.2196,5,0
0.0164667,-1.35803,5,0
0.0165,-1.35803,5,0
0.0165333,0.778198,5,0
0.0165667,0.778198,5,0
0.0166,1.87683,5,0
0.0166333,1.87683,5,0
0.0166667,3.25012,5,0
0.0167,3.25012,5,0
0.0167333,3.90625,5,0
0.0167667,3.90625,5,0
0.0168,5.43213,5,0
0.0168333,5.43213,5,0
0.0168667,5.00488,5,0
0.0169,5.00488,5,0
0.0169333,1.78528,5,0
0.0169667,1.78528,5,0
0.017,-2.63977,5,0
0.0170333,-2.63977,5,0
0.0170667,-6.16455,5,0
0.0171,-6.16455,5,0
0.0171333,-6.36292,5,0
0.0171667,-6.36292,5,0
0.0172,-3.58582,5,0
0.0172333,-3.58582,0,0
0.0172667,0.12207,0,0
0.0173,0.12207,0,0
0.0173333,1.46484,0,0
0.0173667,1.46484,0,0
0.0174,-0.0457764,0,0
0.0174333,-0.0457764,0,0
0.0174667,-2.13623,0,0
0.0175,-2.13623,0,0
0.0175333,-4.62341,0,0
0.0175667,-4.62341,0,0
0.0176,-5.09644,0,0
0.0176333,-5.09644,0,0
0.0176667,-5.21851,0,0
0.0177,-5.21851,0,0
0.0177333,-4.47083,0,0
0.0177667,-4.47083,0,0
0.0178,-3.75366,0,0
0.0178333,-3.75366,0,0
0.0178667,-5.02014,0,0
0.0179,-5.02014,0,0
0.0179333,-7.70569,0,0
0.0179667,-7.70569,0,0
0.018,-11.2457,0,0
0.0180333,-11.2457,0,0
0.0180667,-15.274,0,0
0.0181,-15.274,0,0
0.0181333,-18.1122,0,0
0.0181667,-18.1122,0,0
0.0182,-18.28,0,0
0.0182333,-18.28,0,0
0.0182667,-16.8457,0,0
0.0183,-16.8457,0,0
0.0183333,-15.625,0,0
0.0183667,-15.625,0,0
0.0184,-13.3667,0,0
0.0184333,-13.3667,0,0
0.0184667,-11.6425,0,0
0.0185,-11.6425,0,0
0.0185333,-10.9711,0,0
0.0185667,-10.9711,0,0
0.0186,-12.2223,0,0
0.0186333,-12.2223,0,0
0.0186667,-14.9384,0,0
0.0187,-14.9384,0,0
0.0187333,-18.692,0,0
0.0187667,-18.692,0,0
0.0188,-22.0642,0,0
0.0188333,-22.0642,0,0
0.0188667,-23.8953,0,0
0.0189,-23.8953,0,0
0.0189333,-24.765,0,0
0.0189667,-24.765,0,0
0.019,-23.8495,0,0
0.0190333,-23.8495,0,0
0.0190667,-24.2462,0,0
0.0191,-24.2462,0,0
0.0191333,-26.1078,0,0
0.0191667,-26.1078,0,0
0.0192,-28.717,0,0
0.0192333,-28.717,0,0
0.0192667,-31.4331,0,0
0.0193,-31.4331,0,0
0.0193333,-33.783,0,0
0.0193667,-33.783,0,0
0.0194,-35.4767,0,0
0.0194333,-35.4767,0,0
0.0194667,-35.2936,0,0
0.0195,-35.2936,0,0
0.0195333,-34.6375,0,0
0.0195667,-34.6375,0,0
0.0196,-35.2325,0,0
0.0196333,-35.2325,0,0
0.0196667,-35.5682,0,0
0.0197,-35.5682,0,0
0.0197333,-35.7208,0,0
0.0197667,-35.7208,0,0
0.0198,-35.7819,0,0
0.0198333,-35.7819,0,0
0.0198667,-34.3323,0,0
0.0199,-34.3323,0,0
0.0199333,-33.4473,0,0
0.0199667,-33.4473,0,0
0.02,-33.8287,0,0
0.0200333,-33.8287,0,0
0.0200667,-35.0189,0,0
0.0201,-35.0189,0,0
0.0201333,-37.2925,0,0
0.0201667,-37.2925,0,0
0.0202,-39.7949,0,0
0.0202333,-39.7949,0,0
0.0202667,-41.214,0,0
0.0203,-41.214,0,0
0.0203333,-42.2821,0,0
0.0203667,-42.2821,0,0
0.0204,-42.6636,0,0
0.0204333,-42.6636,0,0
0.0204667,-41.748,0,0
0.0205,-41.748,0,0
0.0205333,-39.6118,0,0
0.0205667,-39.6118,0,0
0.0206,-37.3383,0,0
0.0206333,-37.3383,0,0
0.0206667,-34.6069,0,0
0.0207,-34.6069,0,0
0.0207333,-33.5083,0,0
0.0207667,-33.5083,0,0
0.0208,-33.6761,0,0
0.0208333,-33.6761,0,0
0.0208667,-35.7971,0,0
0.0209,-35.7971,0,0
0.0209333,-39.5355,0,0
0.0209667,-39.5355,0,0
0.021,-43.1976,0,0
0.0210333,-43.1976,0,0
0.0210667,-45.6696,0,0
0.0211,-45.6696,0,0
0.0211333,-47.3022,0,0
0.0211667,-47.3022,0,0
0.0212,-48.2635,0,0
0.0212333,-48.2635,0,0
0.0212667,-47.1344,0,0
0.0213,-47.1344,0,0
0.0213333,-46.5088,0,0
0.0213667,-46.5088,0,0
0.0214,-46.051,0,0
0.0214333,-46.051,0,0
0.0214667,-44.7845,0,0
0.0215,-44.7845,0,0
0.0215333,-44.6014,0,0
0.0215667,-44.6014,0,0
0.0216,-43.8385,0,0
0.0216333,-43.8385,0,0
0.0216667,-42.7551,0,0
0.0217,-42.7551,0,0
0.0217333,-42.572,0,0
0.0217667,-42.572,0,0
0.0218,-43.5028,0,0
0.0218333,-43.5028,0,0
0.0218667,-45.9137,0,0
0.0219,-45.9137,0,0
0.0219333,-47.6379,0,0
0.0219667,-47.6379,0,0
0.022,-48.3704,0,0
0.0220333,-48.3704,0,0
0.0220667,-48.0957,0,0
0.0221,-48.0957,0,0
0.0221333,-47.0123,0,0
0.0221667,-47.0123,0,0
0.0222,-45.5933,0,0
0.0222333,-45.5933,0,0
0.0222667,-44.8151,0,0
0.0223,-44.8151,0,0
0.0223333,-44.5404,0,0
0.0223667,-44.5404,0,0
0.0224,-45.4102,0,0
0.0224333,-45.4102,0,0
0.0224667,-47.4091,0,0
0.0225,-47.4091,0,0
0.0225333,-50.5371,0,0
0.0225667,-50.5371,0,0
0.0226,-54.7791,0,0
0.0226333,-54.7791,0,0
0.0226667,-58.1818,0,0
0.0227,-58.1818,0,0
0.0227333,-60.3485,0,0
0.0227667,-60.3485,0,0
0.0228,-60.4095,0,0
0.0228333,-60.4095,0,0
0.0228667,-57.0679,0,0
0.0229,-57.0679,0,0
0.0229333,-52.063,0,0
0.0229667,-52.063,0,0
0.023,-48.3551,0,0
0.0230333,-48.3551,0,0
0.0230667,-48.7823,0,0
0.0231,-48.7823,0,0
0.0231333,-53.0853,0,0
0.0231667,-53.0853,0,0
0.0232,-58.1512,0,0
0.0232333,-58.1512,0,0
0.0232667,-60.2264,0,0
0.0233,-60.2264,0,0
0.0233333,-59.2957,0,0
0.0233667,-59.2957,0,0
0.0234,-56.7322,0,0
0.0234333,-56.7322,0,0
0.0234667,-56.015,0,0
0.0235,-56.015,0,0
0.0235333,-59.2957,0,0
0.0235667,-59.2957,0,0
0.0236,-63.4155,0,0
0.0236333,-63.4155,0,0
0.0236667,-67.2913,0,0
0.0237,-67.2913,0,0
0.0237333,-70.2972,0,0
0.0237667,-70.2972,0,0
0.0238,-71.701,0,0
0.0238333,-71.701,0,0
0.0238667,-71.9757,0,0
0.0239,-71.9757,0,0
0.0239333,-71.6858,0,0
0.0239667,-71.6858,0,0
0.024,-70.1599,0,0
0.0240333,-70.1599,0,0
0.0240667,-68.3441,0,0
0.0241,-68.3441,0,0
0.0241333,-67.8406,0,0
0.0241667,-67.8406,0,0
0.0242,-67.8558,0,0
0.0242333,-67.8558,0,0
0.0242667,-67.6727,0,0
0.0243,-67.6727,0,0
0.0243333,-67.0624,0,0
0.0243667,-67.0624,0,0
0.0244,-65.1855,0,0
0.0244333,-65.1855,0,0
0.0244667,-62.8815,0,0
0.0245,-62.8815,0,0
0.0245333,-61.7828,0,0
0.0245667,-61.7828,0,0
0.0246,-61.2946,0,0
0.0246333,-61.2946,0,0
0.0246667,-60.5621,0,0
0.0247,-60.5621,0,0
0.0247333,-59.2651,0,0
0.0247667,-59.2651,0,0
0.0248,-57.6324,0,0
0.0248333,-57.6324,0,0
0.0248667,-55.603,0,0
0.0249,-55.603,0,0
0.0249333,-55.1758,0,0
0.0249667,-55.1758,0,0
0.025,-58.0292,0,0
0.0250333,-58.0292,0,0
0.0250667,-62.149,0,0
0.0251,-62.149,0,0
0.0251333,-66.5131,0,0
0.0251667,-66.5131,0,0
0.0252,-69.1223,0,0
0.0252333,-69.1223,0,0
0.0252667,-69.4122,0,0
0.0253,-69.4122,0,0
0.0253333,-68.7256,0,0
0.0253667,-68.7256,0,0
0.0254,-67.5201,0,0
0.0254333,-67.5201,0,0
0.0254667,-66.7725,0,0
0.0255,-66.7725,0,0
0.0255333,-65.2771,0,0
0.0255667,-65.2771,0,0
0.0256,-64.0106,0,0
0.0256333,-64.0106,0,0
0.0256667,-62.027,0,0
0.0257,-62.027,0,0
0.0257333,-60.2264,0,0
0.0257667,-60.2264,0,0
0.0258,-59.4177,5,0
0.0258333,-59.4177,5,0
0.0258667,-59.494,5,0
0.0259,-59.494,5,0
0.0259333,-59.9213,5,0
0.0259667,-59.9213,5,0
0.026,-60.9131,5,0
0.0260333,-60.9131,5,0
0.0260667,-62.9578,5,0
0.0261,-62.9578,5,0
0.0261333,-64.6057,5,0
0.0261667,-64.6057,5,0
0.0262,-66.2231,5,0
0.0262333,-66.2231,5,0
0.0262667,-67.688,5,0
0.0263,-67.688,5,0
0.0263333,-67.8558,5,0
0.0263667,-67.8558,5,0
0.0264,-66.6351,5,0
0.0264333,-66.6351,5,0
0.0264667,-65.3229,5,0
0.0265,-65.3229,5,0
0.0265333,-65.3992,5,0
0.0265667,-65.3992,5,0
0.0266,-65.8417,5,0
0.0266333,-65.8417,5,0
0.0266667,-66.4978,5,0
0.0267,-66.4978,5,0
0.0267333,-68.222,5,0
0.0267667,-68.222,5,0
0.0268,-69.3665,5,0
0.0268333,-69.3665,5,0
0.0268667,-70.4498,5,0
0.0269,-70.4498,5,0
0.0269333,-70.9076,5,0
0.0269667,-70.9076,5,0
0.027,-70.0684,5,0
0.0270333,-70.0684,5,0
0.0270667,-68.5425,5,0
0.0271,-68.5425,5,0
0.0271333,-67.3523,5,0
0.0271667,-67.3523,5,0
0.0272,-66.864,5,0
0.0272333,-66.864,5,0
0.0272667,-67.4438,5,0
0.0273,-67.4438,5,0
0.0273333,-67.4133,5,0
0.0273667,-67.4133,5,0
0.0274,-67.0624,5,0
0.0274333,-67.0624,5,0
0.0274667,-67.1997,5,0
0.0275,-67.1997,5,0
0.0275333,-67.6422,5,0
0.0275667,-67.6422,5,0
0.0276,-68.2678,5,0
0.0276333,-68.2678,5,0
0.0276667,-70.1141,5,0
0.0277,-70.1141,5,0
0.0277333,-71.5332,5,0
0.0277667,-71.5332,5,0
0.0278,-72.6929,5,0
0.0278333,-72.6929,5,0
0.0278667,-72.6776,5,0
0.0279,-72.6776,5,0
0.0279333,-70.9381,5,0
0.0279667,-70.9381,5,0
0.028,-67.8711,5,0
0.0280333,-67.8711,5,0
0.0280667,-63.7054,5,0
0.0281,-63.7054,5,0
0.0281333,-60.6232,5,0
0.0281667,-60.6232,5,0
0.0282,-59.7992,5,0
0.0282333,-59.7992,5,0
0.0282667,-61.6455,5,0
0.0283,-61.6455,5,0
0.0283333,-66.4368,5,0
0.0283667,-66.4368,5,0
0.0284,-70.9991,5,0
0.0284333,-70.9991,5,0
0.0284667,-73.3185,5,0
0.0285,-73.3185,5,0
0.0285333,-73.3185,5,0
0.0285667,-73.3185,5,0
0.0286,-72.4335,5,0
0.0286333,-72.4335,5,0
0.0286667,-70.9381,5,0
0.0287,-70.9381,5,0
0.0287333,-70.5261,5,0
0.0287667,-70.5261,5,0
0.0288,-71.7926,5,0
0.0288333,-71.7926,5,0
0.0288667,-72.6624,5,0
0.0289,-72.6624,5,0
0.0289333,-73.5474,5,0
0.0289667,-73.5474,5,0
0.029,-74.6307,5,0
0.0290333,-74.6307,5,0
0.0290667,-74.9207,5,0
0.0291,-74.9207,5,0
0.0291333,-75.1343,5,0
0.0291667,-75.1343,5,0
0.0292,-74.3256,5,0
0.0292333,-74.3256,5,0
0.0292667,-73.3032,5,0
0.0293,-73.3032,5,0
0.0293333,-73.0438,5,0
0.0293667,-73.0438,5,0
0.0294,-74.1272,5,0
0.0294333,-74.1272,5,0
0.0294667,-76.0803,5,0
0.0295,-76.0803,5,0
0.0295333,-78.8879,5,0
0.0295667,-78.8879,5,0
0.0296,-80.8716,5,0
0.0296333,-80.8716,5,0
0.0296667,-79.1931,5,0
0.0297,-79.1931,5,0
0.0297333,-77.7893,5,0
0.0297667,-77.7893,5,0
0.0298,-77.24,5,0
0.0298333,-77.24,5,0
0.0298667,-77.5146,5,0
0.0299,-77.5146,5,0
0.0299333,-77.1179,5,0
0.0299667,-77.1179,5,0
0.03,-79.01,5,0
0.0300333,-79.01,5,0
0.0300667,-80.0781,5,0
0.0301,-80.0781,5,0
0.0301333,-80.4596,5,0
0.0301667,-80.4596,5,0
0.0302,-81.3293,5,0
0.0302333,-81.3293,5,0
0.0302667,-80.1239,5,0
0.0303,-80.1239,5,0
0.0303333,-77.3468,5,0
0.0303667,-77.3468,5,0
0.0304,-74.4324,5,0
0.0304333,-74.4324,5,0
0.0304667,-73.9136,5,0
0.0305,-73.9136,5,0
0.0305333,-75.0885,5,0
0.0305667,-75.0885,5,0
0.0306,-76.1566,5,0
0.0306333,-76.1566,5,0
0.0306667,-74.9664,5,0
0.0307,-74.9664,5,0
0.0307333,-72.4335,5,0
0.0307667,-72.4335,5,0
0.0308,-71.0907,5,0
0.0308333,-71.0907,5,0
0.0308667,-71.6705,5,0
0.0309,-71.6705,5,0
0.0309333,-74.0509,5,0
0.0309667,-74.0509,5,0
0.031,-76.9806,5,0
0.0310333,-76.9806,5,0
0.0310667,-76.2024,5,0
0.0311,-76.2024,5,0
0.0311333,-72.5555,5,0
0.0311667,-72.5555,5,0
0.0312,-69.6869,5,0
0.0312333,-69.6869,5,0
0.0312667,-70.6482,5,0
0.0313,-70.6482,5,0
0.0313333,-72.937,5,0
0.0313667,-72.937,5,0
0.0314,-75.7141,5,0
0.0314333,-75.7141,5,0
0.0314667,-76.7822,5,0
0.0315,-76.7822,5,0
0.0315333,-75.2869,5,0
0.0315667,-75.2869,5,0
0.0316,-72.8607,5,0
0.0316333,-72.8607,5,0
0.0316667,-71.4264,5,0
0.0317,-71.4264,5,0
0.0317333,-71.1212,5,0
0.0317667,-71.1212,5,0
0.0318,-71.5027,5,0
0.0318333,-71.5027,5,0
0.0318667,-71.3806,5,0
0.0319,-71.3806,5,0
0.0319333,-69.4427,5,0
0.0319667,-69.4427,5,0
0.032,-66.0706,5,0
0.0320333,-66.0706,5,0
0.0320667,-63.9191,5,0
0.0321,-63.9191,5,0
0.0321333,-63.2782,5,0
0.0321667,-63.2782,5,0
0.0322,-67.3065,5,0
0.0322333,-67.3065,5,0
0.0322667,-71.0602,5,0
0.0323,-71.0602,5,0
0.0323333,-70.1141,5,0
0.0323667,-70.1141,5,0
0.0324,-64.0564,5,0
0.0324333,-64.0564,5,0
0.0324667,-57.9681,5,0
0.0325,-57.9681,5,0
0.0325333,-56.5491,5,0
0.0325667,-56.5491,5,0
0.0326,-59.1431,5,0
0.0326333,-59.1431,5,0
0.0326667,-62.2559,5,0
0.0327,-62.2559,5,0
0.0327333,-62.027,5,0
0.0327667,-62.027,5,0
0.0328,-55.191,5,0
0.0328333,-55.191,5,0
0.0328667,-50.6134,5,0
0.0329,-50.6134,5,0
0.0329333,-50.8881,5,0
0.0329667,-50.8881,5,0
0.033,-55.8319,5,0
0.0330333,-55.8319,5,0
0.0330667,-62.3322,5,0
0.0331,-62.3322,5,0
0.0331333,-65.5823,5,0
0.0331667,-65.5823,5,0
0.0332,-62.0422,5,0
0.0332333,-62.0422,5,0
0.0332667,-55.2979,5,0
0.0333,-55.2979,5,0
0.0333333,-49.3774,5,0
0.0333667,-49.3774,5,0
0.0334,-43.8995,5,0
0.0334333,-43.8995,5,0
0.0334667,-42.7704,5,0
0.0335,-42.7704,5,0
0.0335333,-39.9933,5,0
0.0335667,-39.9933,5,0
0.0336,-41.6718,5,0
0.0336333,-41.6718,5,0
0.0336667,-45.3949,5,0
0.0337,-45.3949,5,0
0.0337333,-50.6439,5,0
0.0337667,-50.6439,5,0
0.0338,-54.8859,5,0
0.0338333,-54.8859,5,0
0.0338667,-57.1594,5,0
0.0339,-57.1594,5,0
0.0339333,-54.184,5,0
0.0339667,-54.184,5,0
0.034,-48.2025,5,0
0.0340333,-48.2025,5,0
0.0340667,-45.3949,5,0
0.0341,-45.3949,5,0
0.0341333,-46.402,5,0
0.0341667,-46.402,5,0
0.0342,-48.4314,5,0
0.0342333,-48.4314,5,0
0.0342667,-52.475,5,0
0.0343,-52.475,5,0
0.0343333,-56.1981,5,0
0.0343667,-56.1981,5,0
0.0344,-56.4728,5,0
0.0344333,-56.4728,5,0
0.0344667,-55.0385,5,0
0.0345,-55.0385,5,0
0.0345333,-53.9093,5,0
0.0345667,-53.9093,5,0
0.0346,-52.2919,5,0
0.0346333,-52.2919,5,0
0.0346667,-50.1862,5,0
0.0347,-50.1862,5,0
0.0347333,-46.7987,5,0
0.0347667,-46.7987,5,0
0.0348,-44.3878,5,0
0.0348333,-44.3878,5,0
0.0348667,-44.6777,5,0
0.0349,-44.6777,5,0
0.0349333,-47.0428,5,0
0.0349667,-47.0428,5,0
0.035,-50.354,5,0
0.0350333,-50.354,5,0
0.0350667,-53.1464,5,0
0.0351,-53.1464,5,0
0.0351333,-53.9246,5,0
0.0351667,-53.9246,5,0
0.0352,-52.8717,5,0
0.0352333,-52.8717,5,0
0.0352667,-52.1851,5,0
0.0353,-52.1851,5,0
0.0353333,-50.827,5,0
0.0353667,-50.827,5,0
0.0354,-48.0957,5,0
0.0354333,-48.0957,5,0
0.0354667,-45.4407,5,0
0.0355,-45.4407,5,0
0.0355333,-44.0369,5,0
0.0355667,-44.0369,5,0
0.0356,-45.1355,5,0
0.0356333,-45.1355,5,0
0.0356667,-46.7834,5,0
0.0357,-46.7834,5,0
0.0357333,-48.2788,5,0
0.0357667,-48.2788,5,0
0.0358,-48.6145,5,0
0.0358333,-48.6145,5,0
0.0358667,-48.5992,5,0
0.0359,-48.5992,5,0
0.0359333,-48.9044,5,0
0.0359667,-48.9044,5,0
0.036,-50.6287,5,0
0.0360333,-50.6287,5,0
0.0360667,-51.6357,5,0
0.0361,-51.6357,5,0
0.0361333,-49.8047,5,0
0.0361667,-49.8047,5,0
0.0362,-46.8597,5,0
0.0362333,-46.8597,5,0
0.0362667,-46.0663,5,0
0.0363,-46.0663,5,0
0.0363333,-46.7834,5,0
0.0363667,-46.7834,5,0
0.0364,-50.6897,5,0
0.0364333,-50.6897,5,0
0.0364667,-53.6652,5,0
0.0365,-53.6652,5,0
0.0365333,-54.9927,5,0
0.0365667,-54.9927,5,0
0.0366,-55.4657,5,0
0.0366333,-55.4657,5,0
0.0366667,-55.6488,5,0
0.0367,-55.6488,5,0
0.0367333,-57.8461,5,0
0.0367667,-57.8461,5,0
0.0368,-60.5164,5,0
0.0368333,-60.5164,5,0
0.0368667,-62.2101,5,0
0.0369,-62.2101,5,0
0.0369333,-63.5681,5,0
0.0369667,-63.5681,5,0
0.037,-64.8346,5,0
0.0370333,-64.8346,5,0
0.0370667,-65.7196,5,0
0.0371,-65.7196,5,0
0.0371333,-65.2008,5,0
0.0371667,-65.2008,5,0
0.0372,-64.621,5,0
0.0372333,-64.621,5,0
0.0372667,-63.6902,5,0
0.0373,-63.6902,5,0
0.0373333,-63.9954,5,0
0.0373667,-63.9954,5,0
0.0374,-64.9567,5,0
0.0374333,-64.9567,5,0
0.0374667,-63.5681,5,0
0.0375,-63.5681,5,0
0.0375333,-59.3262,5,0
0.0375667,-59.3262,5,0
0.0376,-51.1475,5,0
0.0376333,-51.1475,5,0
0.0376667,-43.3044,5,0
0.0377,-43.3044,5,0
0.0377333,-41.6107,5,0
0.0377667,-41.6107,5,0
0.0378,-45.7916,5,0
0.0378333,-45.7916,5,0
0.0378667,-53.1311,5,0
0.0379,-53.1311,5,0
0.0379333,-60.0433,5,0
0.0379667,-60.0433,5,0
0.038,-60.73,5,0
0.0380333,-60.73,5,0
0.0380667,-57.7393,5,0
0.0381,-57.7393,5,0
0.0381333,-54.3518,5,0
0.0381667,-54.3518,5,0
0.0382,-54.306,5,0
0.0382333,-54.306,5,0
0.0382667,-56.778,5,0
0.0383,-56.778,5,0
0.0383333,-57.663,5,0
0.0383667,-57.663,5,0
0.0384,-55.6946,5,0
0.0384333,-55.6946,5,0
0.0384667,-51.1627,5,0
0.0385,-51.1627,5,0
0.0385333,-44.0063,5,0
0.0385667,-44.0063,5,0
0.0386,-40.6647,5,0
0.0386333,-40.6647,5,0
0.0386667,-41.1987,5,0
0.0387,-41.1987,5,0
0.0387333,-44.4183,5,0
0.0387667,-44.4183,5,0
0.0388,-48.7976,5,0
0.0388333,-48.7976,5,0
0.0388667,-51.6205,5,0
0.0389,-51.6205,5,0
0.0389333,-51.8951,5,0
0.0389667,-51.8951,5,0
0.039,-50.5066,5,0
0.0390333,-50.5066,5,0
0.0390667,-47.7448,5,0
0.0391,-47.7448,5,0
0.0391333,-44.2963,5,0
0.0391667,-44.2963,5,0
0.0392,-41.6412,5,0
0.0392333,-41.6412,5,0
0.0392667,-39.8254,5,0
0.0393,-39.8254,5,0
0.0393333,-39.9475,5,0
0.0393667,-39.9475,5,0
0.0394,-39.2914,5,0
0.0394333,-39.2914,5,0
0.0394667,-40.1459,5,0
0.0395,-40.1459,5,0
0.0395333,-41.0614,5,0
0.0395667,-41.0614,5,0
0.0396,-41.748,5,0
0.0396333,-41.748,5,0
0.0396667,-43.1671,5,0
0.0397,-43.1671,5,0
0.0397333,-43.0603,5,0
0.0397667,-43.0603,5,0
0.0398,-42.2058,5,0
0.0398333,-42.2058,5,0
0.0398667,-41.626,5,0
0.0399,-41.626,5,0
0.0399333,-41.3818,5,0
0.0399667,-41.3818,5,0
0.04,-42.0227,5,0
0.0400333,-42.0227,5,0
0.0400667,-41.9922,5,0
0.0401,-41.9922,5,0
0.0401333,-40.5426,5,0
0.0401667,-40.5426,5,0
0.0402,-38.7268,5,0
0.0402333,-38.7268,5,0
0.0402667,-38.4064,5,0
0.0403,-38.4064,5,0
0.0403333,-38.9404,5,0
0.0403667,-38.9404,5,0
0.0404,-39.1083,5,0
0.0404333,-39.1083,5,0
0.0404667,-37.5519,5,0
0.0405,-37.5519,5,0
0.0405333,-33.4778,5,0
0.0405667,-33.4778,5,0
0.0406,-28.9154,5,0
0.0406333,-28.9154,5,0
0.0406667,-27.5726,5,0
0.0407,-27.5726,5,0
0.0407333,-28.7933,5,0
0.0407667,-28.7933,5,0
0.0408,-31.3721,5,0
0.0408333,-31.3721,5,0
0.0408667,-33.02,5,0
0.0409,-33.02,5,0
0.0409333,-33.5236,5,0
0.0409667,-33.5236,5,0
0.041,-34.9274,5,0
0.0410333,-34.9274,5,0
0.0410667,-37.6282,5,0
0.0411,-37.6282,5,0
0.0411333,-38.2996,5,0
0.0411667,-38.2996,5,0
0.0412,-38.559,5,0
0.0412333,-38.559,5,0
0.0412667,-36.5143,5,0
0.0413,-36.5143,5,0
0.0413333,-33.9508,5,0
0.0413667,-33.9508,5,0
0.0414,-33.5693,5,0
0.0414333,-33.5693,5,0
0.0414667,-33.3862,5,0
0.0415,-33.3862,5,0
0.0415333,-32.7759,5,0
0.0415667,-32.7759,5,0
0.0416,-31.6772,5,0
0.0416333,-31.6772,5,0
0.0416667,-30.8685,5,0
0.0417,-30.8685,5,0
0.0417333,-30.6396,5,0
0.0417667,-30.6396,5,0
0.0418,-30.9296,5,0
0.0418333,-30.9296,5,0
0.0418667,-32.196,5,0
0.0419,-32.196,5,0
0.0419333,-32.3029,5,0
0.0419667,-32.3029,5,0
0.042,-29.5105,5,0
0.0420333,-29.5105,5,0
0.0420667,-27.359,5,0
0.0421,-27.359,5,0
0.0421333,-25.3448,5,0
0.0421667,-25.3448,5,0
0.0422,-25.528,5,0
0.0422333,-25.528,5,0
0.0422667,-27.8168,5,0
0.0423,-27.8168,5,0
0.0423333,-29.2969,5,0
0.0423667,-29.2969,5,0
0.0424,-28.4576,5,0
0.0424333,-28.4576,5,0
0.0424667,-25.9857,5,0
0.0425,-25.9857,5,0
0.0425333,-22.644,5,0
0.0425667,-22.644,5,0
0.0426,-19.7449,5,0
0.0426333,-19.7449,5,0
0.0426667,-18.2343,5,0
0.0427,-18.2343,5,0
0.0427333,-18.2648,5,0
0.0427667,-18.2648,5,0
0.0428,-20.462,5,0
0.0428333,-20.462,5,0
0.0428667,-24.1089,5,0
0.0429,-24.1089,5,0
0.0429333,-27.1912,5,0
0.0429667,-27.1912,5,0
0.043,-28.2745,0,0
0.0430333,-28.2745,0,0
0.0430667,-27.2827,0,0
0.0431,-27.2827,0,0
0.0431333,-24.292,0,0
0.0431667,-24.292,0,0
0.0432,-20.5536,0,0
0.0432333,-20.5536,0,0
0.0432667,-17.6239,0,0
0.0433,-17.6239,0,0
0.0433333,-15.9607,0,0
0.0433667,-15.9607,0,0
0.0434,-16.4948,0,0
0.0434333,-16.4948,0,0
0.0434667,-18.4784,0,0
0.0435,-18.4784,0,0
0.0435333,-20.9808,0,0
0.0435667,-20.9808,0,0
0.0436,-22.7051,0,0
0.0436333,-22.7051,0,0
0.0436667,-23.8647,0,0
0.0437,-23.8647,0,0
0.0437333,-24.704,0,0
0.0437667,-24.704,0,0
0.0438,-24.1699,0,0
0.0438333,-24.1699,0,0
0.0438667,-22.049,0,0
0.0439,-22.049,0,0
0.0439333,-21.8964,0,0
0.0439667,-21.8964,0,0
0.044,-22.8729,0,0
0.0440333,-22.8729,0,0
0.0440667,-25.9857,0,0
0.0441,-25.9857,0,0
0.0441333,-30.7159,0,0
0.0441667,-30.7159,0,0
0.0442,-33.6151,0,0
0.0442333,-33.6151,0,0
0.0442667,-33.5236,0,0
0.0443,-33.5236,0,0
0.0443333,-32.1198,0,0
0.0443667,-32.1198,0,0
0.0444,-29.4647,0,0
0.0444333,-29.4647,0,0
0.0444667,-26.5045,0,0
0.0445,-26.5045,0,0
0.0445333,-23.1628,0,0
0.0445667,-23.1628,0,0
0.0446,-20.8282,0,0
0.0446333,-20.8282,0,0
0.0446667,-19.2871,0,0
0.0447,-19.2871,0,0
0.0447333,-19.2108,0,0
0.0447667,-19.2108,0,0
0.0448,-19.8212,0,0
0.0448333,-19.8212,0,0
0.0448667,-20.7367,0,0
0.0449,-20.7367,0,0
0.0449333,-21.0724,0,0
0.0449667,-21.0724,0,0
0.045,-21.637,0,0
0.0450333,-21.637,0,0
0.0450667,-22.049,0,0
0.0451,-22.049,0,0
0.0451333,-22.4762,0,0
0.0451667,-22.4762,0,0
0.0452,-22.8271,0,0
0.0452333,-22.8271,0,0
0.0452667,-22.2473,0,0
0.0453,-22.2473,0,0
0.0453333,-20.5383,0,0
0.0453667,-20.5383,0,0
0.0454,-17.5323,0,0
0.0454333,-17.5323,0,0
0.0454667,-14.6332,0,0
0.0455,-14.6332,0,0
0.0455333,-12.2528,0,0
0.0455667,-12.2528,0,0
0.0456,-11.3831,0,0
0.0456333,-11.3831,0,0
0.0456667,-13.092,0,0
0.0457,-13.092,0,0
0.0457333,-15.8386,0,0
0.0457667,-15.8386,0,0
0.0458,-18.3258,0,0
0.0458333,-18.3258,0,0
0.0458667,-18.7225,0,0
0.0459,-18.7225,0,0
0.0459333,-15.0757,0,0
0.0459667,-15.0757,0,0
0.046,-11.6119,0,0
0.0460333,-11.6119,0,0
0.0460667,-10.788,0,0
0.0461,-10.788,0,0
0.0461333,-14.0686,0,0
0.0461667,-14.0686,0,0
0.0462,-19.2719,0,0
0.0462333,-19.2719,0,0
0.0462667,-22.3083,0,0
0.0463,-22.3083,0,0
0.0463333,-20.7062,0,0
0.0463667,-20.7062,0,0
0.0464,-13.7482,0,0
0.0464333,-13.7482,0,0
0.0464667,-8.19397,0,0
0.0465,-8.19397,0,0
0.0465333,-5.56946,0,0
0.0465667,-5.56946,0,0
0.0466,-6.34766,0,0
0.0466333,-6.34766,0,0
0.0466667,-8.65173,0,0
0.0467,-8.65173,0,0
0.0467333,-9.38416,0,0
0.0467667,-9.38416,0,0
0.0468,-6.8512,0,0
0.0468333,-6.8512,0,0
0.0468667,-4.60815,0,0
0.0469,-4.60815,0,0
0.0469333,-3.76892,0,0
0.0469667,-3.76892,0,0
0.047,-4.54712,0,0
0.0470333,-4.54712,0,0
0.0470667,-6.5918,0,0
0.0471,-6.5918,0,0
0.0471333,-7.20215,0,0
0.0471667,-7.20215,0,0
0.0472,-6.27136,0,0
0.0472333,-6.27136,0,0
0.0472667,-4.73022,0,0
0.0473,-4.73022,0,0
0.0473333,-3.38745,0,0
0.0473667,-3.38745,0,0
0.0474,-2.68555,5,0
0.0474333,-2.68555,5,0
0.0474667,-1.75476,5,0
0.0475,-1.75476,5,0
0.0475333,-2.19727,5,0
0.0475667,-2.19727,5,0
0.0476,-3.05176,5,0
0.0476333,-3.05176,5,0
0.0476667,-3.87573,5,0
0.0477,-3.87573,5,0
0.0477333,-4.05884,5,0
0.0477667,-4.05884,5,0
0.0478,-2.24304,5,0
0.0478333,-2.24304,5,0
0.0478667,-0.183105,5,0
0.0479,-0.183105,5,0
0.0479333,0.38147,5,0
0.0479667,0.38147,5,0
0.048,-0.717163,5,0
0.0480333,-0.717163,5,0
0.0480667,-3.35693,5,0
0.0481,-3.35693,5,0
0.0481333,-4.89807,5,0
0.0481667,-4.89807,5,0
0.0482,-4.66919,5,0
0.0482333,-4.66919,5,0
0.0482667,-4.08936,5,0
0.0483,-4.08936,5,0
0.0483333,-3.479,5,0
0.0483667,-3.479,5,0
0.0484,-3.84521,5,0
0.0484333,-3.84521,5,0
0.0484667,-4.34875,5,0
0.0485,-4.34875,5,0
0.0485333,-5.17273,5,0
0.0485667,-5.17273,5,0
0.0486,-6.50024,5,0
0.0486333,-6.50024,5,0
0.0486667,-9.70459,5,0
0.0487,-9.70459,5,0
0.0487333,-13.4583,5,0
0.0487667,-13.4583,5,0
0.0488,-16.6321,5,0
0.0488333,-16.6321,5,0
0.0488667,-16.9678,5,0
0.0489,-16.9678,5,0
0.0489333,-14.1449,5,0
0.0489667,-14.1449,5,0
0.049,-8.80432,5,0
0.0490333,-8.80432,5,0
0.0490667,-3.15857,5,0
0.0491,-3.15857,5,0
0.0491333,1.4801,5,0
0.0491667,1.4801,5,0
0.0492,4.39453,5,0
0.0492333,4.39453,5,0
0.0492667,5.76782,5,0
0.0493,5.76782,5,0
0.0493333,6.22559,5,0
0.0493667,6.22559,5,0
0.0494,6.46973,5,0
0.0494333,6.46973,5,0
0.0494667,5.47791,5,0
0.0495,5.47791,5,0
0.0495333,2.50244,5,0
0.0495667,2.50244,5,0
0.0496,-0.50354,5,0
0.0496333,-0.50354,5,0
0.0496667,-3.58582,5,0
0.0497,-3.58582,5,0
0.0497333,-4.80652,5,0
0.0497667,-4.80652,5,0
0.0498,-3.64685,5,0
0.0498333,-3.64685,5,0
0.0498667,-0.396729,5,0
0.0499,-0.396729,5,0
0.0499333,2.5177,5,0
0.0499667,2.5177,5,0
0.05,4.2572,5,0
0.0500333,4.2572,5,0
0.0500667,3.69263,5,0
0.0501,3.69263,5,0
0.0501333,1.80054,5,0
0.0501667,1.80054,5,0
0.0502,-0.442505,5,0
0.0502333,-0.442505,5,0
0.0502667,-1.54114,5,0
0.0503,-1.54114,5,0
0.0503333,-1.28174,5,0
0.0503667,-1.28174,5,0
0.0504,-1.06812,5,0
0.0504333,-1.06812,5,0
0.0504667,-0.701904,5,0
0.0505,-0.701904,5,0
0.0505333,-1.80054,5,0
0.0505667,-1.80054,5,0
0.0506,-4.19617,5,0
0.0506333,-4.19617,5,0
0.0506667,-6.5918,5,0
0.0507,-6.5918,5,0
0.0507333,-7.62939,5,0
0.0507667,-7.62939,5,0
0.0508,-7.00378,5,0
0.0508333,-7.00378,5,0
0.0508667,-2.7771,5,0
0.0509,-2.7771,5,0
0.0509333,2.94495,5,0
0.0509667,2.94495,5,0
0.051,6.37817,5,0
0.0510333,6.37817,5,0
0.0510667,6.80542,5,0
0.0511,6.80542,5,0
0.0511333,4.79126,5,0
0.0511667,4.79126,5,0
0.0512,3.40271,5,0
0.0512333,3.40271,5,0
0.0512667,1.60217,5,0
0.0513,1.60217,5,0
0.0513333,-0.183105,5,0
0.0513667,-0.183105,5,0
0.0514,-2.54822,5,0
0.0514333,-2.54822,5,0
0.0514667,-5.26428,5,0
0.0515,-5.26428,5,0
0.0515333,-6.36292,5,0
0.0515667,-6.36292,5,0
0.0516,-4.89807,5,0
0.0516333,-4.89807,5,0
0.0516667,-1.43433,5,0
0.0517,-1.43433,5,0
0.0517333,2.34985,5,0
0.0517667,2.34985,5,0
0.0518,5.69153,5,0
0.0518333,5.69153,5,0
0.0518667,7.96509,5,0
0.0519,7.96509,5,0
0.0519333,9.64355,5,0
0.0519667,9.64355,5,0
0.052,9.12476,5,0
0.0520333,9.12476,5,0
0.0520667,7.8125,5,0
0.0521,7.8125,5,0
0.0521333,6.19507,5,0
0.0521667,6.19507,5,0
0.0522,5.67627,5,0
0.0522333,5.67627,5,0
0.0522667,4.83704,5,0
0.0523,4.83704,5,0
0.0523333,4.5929,5,0
0.0523667,4.5929,5,0
0.0524,3.7384,5,0
0.0524333,3.7384,5,0
0.0524667,3.28064,5,0
0.0525,3.28064,5,0
0.0525333,3.96729,5,0
0.0525667,3.96729,5,0
0.0526,6.37817,5,0
0.0526333,6.37817,5,0
0.0526667,8.27026,5,0
0.0527,8.27026,5,0
0.0527333,7.38525,5,0
0.0527667,7.38525,5,0
0.0528,3.69263,5,0
0.0528333,3.69263,5,0
0.0528667,-0.610352,5,0
0.0529,-0.610352,5,0
0.0529333,-3.14331,5,0
0.0529667,-3.14331,5,0
0.053,-2.12097,5,0
0.0530333,-2.12097,5,0
0.0530667,1.51062,5,0
0.0531,1.51062,5,0
0.0531333,3.96729,5,0
0.0531667,3.96729,5,0
0.0532,5.15747,5,0
0.0532333,5.15747,5,0
0.0532667,4.98962,5,0
0.0533,4.98962,5,0
0.0533333,3.67737,5,0
0.0533667,3.67737,5,0
0.0534,3.66211,5,0
0.0534333,3.66211,5,0
0.0534667,3.58582,5,0
0.0535,3.58582,5,0
0.0535333,3.41797,5,0
0.0535667,3.41797,5,0
0.0536,2.83813,5,0
0.0536333,2.83813,5,0
0.0536667,2.31934,5,0
0.0537,2.31934,5,0
0.0537333,1.89209,5,0
0.0537667,1.89209,5,0
0.0538,1.67847,5,0
0.0538333,1.67847,5,0
0.0538667,0.961304,5,0
0.0539,0.961304,5,0
0.0539333,1.98364,5,0
0.0539667,1.98364,5,0
0.054,3.57056,5,0
0.0540333,3.57056,5,0
0.0540667,6.14929,5,0
0.0541,6.14929,5,0
0.0541333,9.1095,5,0
0.0541667,9.1095,5,0
0.0542,10.4828,5,0
0.0542333,10.4828,5,0
0.0542667,10.7422,5,0
0.0543,10.7422,5,0
0.0543333,11.4899,5,0
0.0543667,11.4899,5,0
0.0544,14.6637,5,0
0.0544333,14.6637,5,0
0.0544667,17.9443,5,0
0.0545,17.9443,5,0
0.0545333,20.8282,5,0
0.0545667,20.8282,5,0
0.0546,21.5149,5,0
0.0546333,21.5149,5,0
0.0546667,20.4773,5,0
0.0547,20.4773,5,0
0.0547333,20.3094,5,0
0.0547667,20.3094,5,0
0.0548,20.9808,5,0
0.0548333,20.9808,5,0
0.0548667,22.4609,5,0
0.0549,22.4609,5,0
0.0549333,24.3835,5,0
0.0549667,24.3835,5,0
0.055,25.6653,5,0
0.0550333,25.6653,5,0
0.0550667,25.6348,5,0
0.0551,25.6348,5,0
0.0551333,25.2838,5,0
0.0551667,25.2838,5,0
0.0552,25.3601,5,0
0.0552333,25.3601,5,0
0.0552667,26.4893,5,0
0.0553,26.4893,5,0
0.0553333,29.953,5,0
0.0553667,29.953,5,0
0.0554,35.0189,5,0
0.0554333,35.0189,5,0
0.0554667,38.3453,5,0
0.0555,38.3453,5,0
0.0555333,39.5966,5,0
0.0555667,39.5966,5,0
0.0556,36.7279,5,0
0.0556333,36.7279,5,0
0.0556667,32.2266,5,0
0.0557,32.2266,5,0
0.0557333,27.9083,5,0
0.0557667,27.9083,5,0
0.0558,25.2686,5,0
0.0558333,25.2686,5,0
0.0558667,26.1993,5,0
0.0559,26.1993,5,0
0.0559333,30.014,5,0
0.0559667,30.014,5,0
0.056,33.7982,5,0
0.0560333,33.7982,5,0
0.0560667,36.2701,5,0
0.0561,36.2701,5,0
0.0561333,36.5753,5,0
0.0561667,36.5753,5,0
0.0562,34.7748,5,0
0.0562333,34.7748,5,0
0.0562667,32.2571,5,0
0.0563,32.2571,5,0
0.0563333,31.0059,5,0
0.0563667,31.0059,5,0
0.0564,30.014,5,0
0.0564333,30.014,5,0
0.0564667,28.5187,5,0
0.0565,28.5187,5,0
0.0565333,27.3132,5,0
0.0565667,27.3132,5,0
0.0566,26.2604,5,0
0.0566333,26.2604,5,0
0.0566667,24.9176,5,0
0.0567,24.9176,5,0
0.0567333,25.2533,5,0
0.0567667,25.2533,5,0
0.0568,26.886,5,0
0.0568333,26.886,5,0
0.0568667,29.1138,5,0
0.0569,29.1138,5,0
0.0569333,31.9672,5,0
0.0569667,31.9672,5,0
0.057,33.2947,5,0
0.0570333,33.2947,5,0
0.0570667,32.608,5,0
0.0571,32.608,5,0
0.0571333,30.3192,5,0
0.0571667,30.3192,5,0
0.0572,26.9318,5,0
0.0572333,26.9318,5,0
0.0572667,25.2075,5,0
0.0573,25.2075,5,0
0.0573333,25.9247,5,0
0.0573667,25.9247,5,0
0.0574,27.3743,5,0
0.0574333,27.3743,5,0
0.0574667,28.656,5,0
0.0575,28.656,5,0
0.0575333,28.5492,5,0
0.0575667,28.5492,5,0
0.0576,26.886,5,0
0.0576333,26.886,5,0
0.0576667,25.238,5,0
0.0577,25.238,5,0
0.0577333,25.4822,5,0
0.0577667,25.4822,5,0
0.0578,26.7181,5,0
0.0578333,26.7181,5,0
0.0578667,27.6031,5,0
0.0579,27.6031,5,0
0.0579333,26.1993,5,0
0.0579667,26.1993,5,0
0.058,23.0255,5,0
0.0580333,23.0255,5,0
0.0580667,18.0969,5,0
0.0581,18.0969,5,0
0.0581333,13.1531,5,0
0.0581667,13.1531,5,0
0.0582,9.17053,5,0
0.0582333,9.17053,5,0
0.0582667,7.46155,5,0
0.0583,7.46155,5,0
0.0583333,8.255,5,0
0.0583667,8.255,5,0
0.0584,10.9711,5,0
0.0584333,10.9711,5,0
0.0584667,12.4054,5,0
0.0585,12.4054,5,0
0.0585333,12.9395,5,0
0.0585667,12.9395,5,0
0.0586,12.7106,5,0
0.0586333,12.7106,5,0
0.0586667,13.4735,5,0
0.0587,13.4735,5,0
0.0587333,15.1367,5,0
0.0587667,15.1367,5,0
0.0588,16.2811,5,0
0.0588333,16.2811,5,0
0.0588667,15.8691,5,0
0.0589,15.8691,5,0
0.0589333,13.4735,5,0
0.0589667,13.4735,5,0
0.059,11.673,5,0
0.0590333,11.673,5,0
0.0590667,12.0239,5,0
0.0591,12.0239,5,0
0.0591333,15.1367,5,0
0.0591667,15.1367,5,0
0.0592,18.6768,5,0
0.0592333,18.6768,5,0
0.0592667,19.9432,5,0
0.0593,19.9432,5,0
0.0593333,18.7073,5,0
0.0593667,18.7073,5,0
0.0594,15.5945,5,0
0.0594333,15.5945,5,0
0.0594667,12.4512,5,0
0.0595,12.4512,5,0
0.0595333,12.0239,5,0
0.0595667,12.0239,5,0
0.0596,14.6179,5,0
0.0596333,14.6179,5,0
0.0596667,18.219,5,0
0.0597,18.219,5,0
0.0597333,21.6217,5,0
0.0597667,21.6217,5,0
0.0598,23.5901,5,0
0.0598333,23.5901,5,0
0.0598667,23.7427,5,0
0.0599,23.7427,5,0
0.0599333,22.6746,5,0
0.0599667,22.6746,5,0
0.06,21.4386,5,0
0.0600333,21.4386,5,0
0.0600667,19.6838,5,0
0.0601,19.6838,5,0
0.0601333,18.0206,5,0
0.0601667,18.0206,5,0
0.0602,17.6086,5,0
0.0602333,17.6086,5,0
0.0602667,18.0359,5,0
0.0603,18.0359,5,0
0.0603333,19.9585,5,0
0.0603667,19.9585,5,0
0.0604,22.9645,5,0
0.0604333,22.9645,5,0
0.0604667,24.231,5,0
0.0605,24.231,5,0
0.0605333,24.2004,5,0
0.0605667,24.2004,5,0
0.0606,22.583,5,0
0.0606333,22.583,5,0
0.0606667,20.874,5,0
0.0607,20.874,5,0
0.0607333,20.3705,5,0
0.0607667,20.3705,5,0
0.0608,22.1863,5,0
0.0608333,22.1863,5,0
0.0608667,24.6735,5,0
0.0609,24.6735,5,0
0.0609333,28.1067,5,0
0.0609667,28.1067,5,0
0.061,31.3416,5,0
0.0610333,31.3416,5,0
0.0610667,33.1268,5,0
0.0611,33.1268,5,0
0.0611333,33.9355,5,0
0.0611667,33.9355,5,0
0.0612,34.1949,5,0
0.0612333,34.1949,5,0
0.0612667,34.8969,5,0
0.0613,34.8969,5,0
0.0613333,36.3617,5,0
0.0613667,36.3617,5,0
0.0614,39.032,5,0
0.0614333,39.032,5,0
0.0614667,42.572,5,0
0.0615,42.572,5,0
0.0615333,45.3644,5,0
0.0615667,45.3644,5,0
0.0616,45.7764,5,0
0.0616333,45.7764,5,0
0.0616667,43.7622,5,0
0.0617,43.7622,5,0
0.0617333,39.6576,5,0
0.0617667,39.6576,5,0
0.0618,34.6375,5,0
0.0618333,34.6375,5,0
0.0618667,30.4718,5,0
0.0619,30.4718,5,0
0.0619333,28.1067,5,0
0.0619667,28.1067,5,0
0.062,27.8625,5,0
0.0620333,27.8625,5,0
0.0620667,29.7394,5,0
0.0621,29.7394,5,0
0.0621333,30.838,5,0
0.0621667,30.838,5,0
0.0622,30.8533,5,0
0.0622333,30.8533,5,0
0.0622667,28.9001,5,0
0.0623,28.9001,5,0
0.0623333,26.886,5,0
0.0623667,26.886,5,0
0.0624,26.6418,5,0
0.0624333,26.6418,5,0
0.0624667,28.9307,5,0
0.0625,28.9307,5,0
0.0625333,32.074,5,0
0.0625667,32.074,5,0
0.0626,33.7372,5,0
0.0626333,33.7372,5,0
0.0626667,34.0576,5,0
0.0627,34.0576,5,0
0.0627333,33.2489,5,0
0.0627667,33.2489,5,0
0.0628,31.601,5,0
0.0628333,31.601,5,0
0.0628667,28.5645,5,0
0.0629,28.5645,5,0
0.0629333,25.177,5,0
0.0629667,25.177,5,0
0.063,22.7356,5,0
0.0630333,22.7356,5,0
0.0630667,21.5607,5,0
0.0631,21.5607,5,0
0.0631333,22.4609,5,0
0.0631667,22.4609,5,0
0.0632,23.6969,5,0
0.0632333,23.6969,5,0
0.0632667,23.3765,5,0
0.0633,23.3765,5,0
0.0633333,21.7285,5,0
0.0633667,21.7285,5,0
0.0634,19.8364,5,0
0.0634333,19.8364,5,0
0.0634667,19.2871,5,0
0.0635,19.2871,5,0
0.0635333,21.8201,5,0
0.0635667,21.8201,5,0
0.0636,24.7192,5,0
0.0636333,24.7192,5,0
0.0636667,25.9094,5,0
0.0637,25.9094,5,0
0.0637333,24.4904,5,0
0.0637667,24.4904,5,0
0.0638,20.874,5,0
0.0638333,20.874,5,0
0.0638667,18.9514,5,0
0.0639,18.9514,5,0
0.0639333,20.2942,5,0
0.0639667,20.2942,5,0
0.064,24.826,5,0
0.0640333,24.826,5,0
0.0640667,29.7089,5,0
0.0641,29.7089,5,0
0.0641333,30.9906,5,0
0.0641667,30.9906,5,0
0.0642,28.0762,5,0
0.0642333,28.0762,5,0
0.0642667,23.3307,5,0
0.0643,23.3307,5,0
0.0643333,19.5923,5,0
0.0643667,19.5923,5,0
0.0644,20.2789,5,0
0.0644333,20.2789,5,0
0.0644667,23.5291,5,0
0.0645,23.5291,5,0
0.0645333,26.0925,5,0
0.0645667,26.0925,5,0
0.0646,26.1993,5,0
0.0646333,26.1993,0,0
0.0646667,23.7122,0,0
0.0647,23.7122,0,0
0.0647333,21.7133,0,0
0.0647667,21.7133,0,0
0.0648,21.7285,0,0
0.0648333,21.7285,0,0
0.0648667,24.0326,0,0
0.0649,24.0326,0,0
0.0649333,26.123,0,0
0.0649667,26.123,0,0
0.065,25.8636,0,0
0.0650333,25.8636,0,0
0.0650667,24.9329,0,0
0.0651,24.9329,0,0
0.0651333,23.5901,0,0
0.0651667,23.5901,0,0
0.0652,23.5596,0,0
0.0652333,23.5596,0,0
0.0652667,24.4904,0,0
0.0653,24.4904,0,0
0.0653333,24.9786,0,0
0.0653667,24.9786,0,0
0.0654,24.1089,0,0
0.0654333,24.1089,0,0
0.0654667,20.9808,0,0
0.0655,20.9808,0,0
0.0655333,16.3879,0,0
0.0655667,16.3879,0,0
0.0656,12.8632,0,0
0.0656333,12.8632,0,0
0.0656667,11.9171,0,0
0.0657,11.9171,0,0
0.0657333,14.1449,0,0
0.0657667,14.1449,0,0
0.0658,19.7601,0,0
0.0658333,19.7601,0,0
0.0658667,27.0233,0,0
0.0659,27.0233,0,0
0.0659333,34.0729,0,0
0.0659667,34.0729,0,0
0.066,37.7045,0,0
0.0660333,37.7045,0,0
0.0660667,37.7197,0,0
0.0661,37.7197,0,0
0.0661333,33.4015,0,0
0.0661667,33.4015,0,0
0.0662,25.2686,0,0
0.0662333,25.2686,0,0
0.0662667,17.9596,0,0
0.0663,17.9596,0,0
0.0663333,13.7787,0,0
0.0663667,13.7787,0,0
0.0664,13.7329,0,0
0.0664333,13.7329,0,0
0.0664667,17.3492,0,0
0.0665,17.3492,0,0
0.0665333,22.5525,0,0
0.0665667,22.5525,0,0
0.0666,27.0844,0,0
0.0666333,27.0844,0,0
0.0666667,30.4565,0,0
0.0667,30.4565,0,0
0.0667333,32.0129,0,0
0.0667667,32.0129,0,0
0.0668,32.7606,0,0
0.0668333,32.7606,0,0
0.0668667,33.6151,0,0
0.0669,33.6151,0,0
0.0669333,34.9274,0,0
0.0669667,34.9274,0,0
0.067,37.6282,0,0
0.0670333,37.6282,0,0
0.0670667,36.7584,0,0
0.0671,36.7584,0,0
0.0671333,33.6456,0,0
0.0671667,33.6456,0,0
0.0672,29.0985,0,0
0.0672333,29.0985,0,0
0.0672667,24.5056,0,0
0.0673,24.5056,0,0
0.0673333,21.5302,0,0
0.0673667,21.5302,0,0
0.0674,20.813,0,0
0.0674333,20.813,0,0
0.0674667,20.4163,0,0
0.0675,20.4163,0,0
0.0675333,19.455,0,0
0.0675667,19.455,0,0
0.0676,19.3481,0,0
0.0676333,19.3481,0,0
0.0676667,20.1874,0,0
0.0677,20.1874,0,0
0.0677333,22.3541,0,0
0.0677667,22.3541,0,0
0.0678,23.9563,0,0
0.0678333,23.9563,0,0
0.0678667,25.0092,0,0
0.0679,25.0092,0,0
0.0679333,23.8037,0,0
0.0679667,23.8037,0,0
0.068,21.2402,0,0
0.0680333,21.2402,0,0
0.0680667,18.3411,0,0
0.0681,18.3411,0,0
0.0681333,17.6239,0,0
0.0681667,17.6239,0,0
0.0682,18.4479,0,0
0.0682333,18.4479,0,0
0.0682667,19.0735,0,0
0.0683,19.0735,0,0
0.0683333,19.1345,0,0
0.0683667,19.1345,0,0
0.0684,17.6544,0,0
0.0684333,17.6544,0,0
0.0684667,16.2048,0,0
0.0685,16.2048,0,0
0.0685333,15.3046,0,0
0.0685667,15.3046,0,0
0.0686,14.8468,0,0
0.0686333,14.8468,0,0
0.0686667,15.0909,0,0
0.0687,15.0909,0,0
0.0687333,15.564,0,0
0.0687667,15.564,0,0
0.0688,16.861,0,0
0.0688333,16.861,0,0
0.0688667,18.0969,0,0
0.0689,18.0969,0,0
0.0689333,18.7836,0,0
0.0689667,18.7836,0,0
0.069,18.5394,0,0
0.0690333,18.5394,0,0
0.0690667,18.5852,0,0
0.0691,18.5852,0,0
0.0691333,20.0043,0,0
0.0691667,20.0043,0,0
0.0692,22.4609,0,0
0.0692333,22.4609,0,0
0.0692667,26.2604,0,0
0.0693,26.2604,0,0
0.0693333,28.8086,0,0
0.0693667,28.8086,0,0
0.0694,27.9236,0,0
0.0694333,27.9236,0,0
0.0694667,24.2004,0,0
0.0695,24.2004,0,0
0.0695333,18.3716,0,0
0.0695667,18.3716,0,0
0.0696,12.3291,0,0
0.0696333,12.3291,0,0
0.0696667,9.8877,0,0
0.0697,9.8877,0,0
0.0697333,10.0708,0,0
0.0697667,10.0708,0,0
0.0698,11.5051,0,0
0.0698333,11.5051,0,0
0.0698667,11.8866,0,0
0.0699,11.8866,0,0
0.0699333,11.3525,0,0
0.0699667,11.3525,0,0
0.07,9.8114,0,0
0.0700333,9.8114,0,0
0.0700667,10.2844,0,0
0.0701,10.2844,0,0
0.0701333,13.0005,0,0
0.0701667,13.0005,0,0
0.0702,17.0441,0,0
0.0702333,17.0441,0,0
0.0702667,21.225,0,0
0.0703,21.225,0,0
0.0703333,23.6511,0,0
0.0703667,23.6511,0,0
0.0704,23.3154,0,0
0.0704333,23.3154,0,0
0.0704667,21.7285,0,0
0.0705,21.7285,0,0
0.0705333,19.3939,0,0
0.0705667,19.3939,0,0
0.0706,17.8223,0,0
0.0706333,17.8223,0,0
0.0706667,18.2953,0,0
0.0707,18.2953,0,0
0.0707333,20.1721,0,0
0.0707667,20.1721,0,0
0.0708,22.9645,0,0
0.0708333,22.9645,0,0
0.0708667,25.5127,0,0
0.0709,25.5127,0,0
0.0709333,26.4435,0,0
0.0709667,26.4435,0,0
0.071,25.6348,0,0
0.0710333,25.6348,0,0
0.0710667,22.7509,0,0
0.0711,22.7509,0,0
0.0711333,20.0958,0,0
0.0711667,20.0958,0,0
0.0712,19.165,0,0
0.0712333,19.165,0,0
0.0712667,19.8669,0,0
0.0713,19.8669,0,0
0.0713333,21.9269,0,0
0.0713667,21.9269,0,0
0.0714,23.2697,0,0
0.0714333,23.2697,0,0
0.0714667,22.7509,0,0
0.0715,22.7509,0,0
0.0715333,21.7896,0,0
0.0715667,21.7896,0,0
0.0716,21.0114,0,0
0.0716333,21.0114,0,0
0.0716667,20.1416,0,0
0.0717,20.1416,0,0
0.0717333,20.401,0,0
0.0717667,20.401,0,0
0.0718,22.4762,0,0
0.0718333,22.4762,0,0
0.0718667,26.6571,0,0
0.0719,26.6571,0,0
0.0719333,30.7922,0,0
0.0719667,30.7922,0,0
0.072,33.0048,0,0
0.0720333,33.0048,0,0
0.0720667,32.8522,0,0
0.0721,32.8522,0,0
0.0721333,30.5481,0,0
0.0721667,30.5481,0,0
0.0722,28.8696,0,0
0.0722333,28.8696,0,0
0.0722667,30.1361,0,0
0.0723,30.1361,0,0
0.0723333,31.723,0,0
0.0723667,31.723,0,0
0.0724,32.3792,0,0
0.0724333,32.3792,0,0
0.0724667,32.4707,0,0
0.0725,32.4707,0,0
0.0725333,33.5083,0,0
0.0725667,33.5083,0,0
0.0726,34.668,0,0
0.0726333,34.668,0,0
0.0726667,35.5072,0,0
0.0727,35.5072,0,0
0.0727333,36.3922,0,0
0.0727667,36.3922,0,0
0.0728,35.7208,0,0
0.0728333,35.7208,0,0
0.0728667,35.2173,0,0
0.0729,35.2173,0,0
0.0729333,34.4543,0,0
0.0729667,34.4543,0,0
0.073,33.371,0,0
0.0730333,33.371,0,0
0.0730667,32.4249,0,0
0.0731,32.4249,0,0
0.0731333,30.8685,0,0
0.0731667,30.8685,0,0
0.0732,29.4037,0,0
0.0732333,29.4037,0,0
0.0732667,28.5187,0,0
0.0733,28.5187,0,0
0.0733333,27.3743,0,0
0.0733667,27.3743,0,0
0.0734,25.9552,0,0
0.0734333,25.9552,0,0
0.0734667,25.6653,0,0
0.0735,25.6653,0,0
0.0735333,26.062,0,0
0.0735667,26.062,0,0
0.0736,27.0081,0,0
0.0736333,27.0081,0,0
0.0736667,28.3661,0,0
0.0737,28.3661,0,0
0.0737333,29.3427,0,0
0.0737667,29.3427,0,0
0.0738,29.4647,0,0
0.0738333,29.4647,0,0
0.0738667,28.0762,0,0
0.0739,28.0762,0,0
0.0739333,27.1606,0,0
0.0739667,27.1606,0,0
0.074,27.1912,0,0
0.0740333,27.1912,0,0
0.0740667,27.298,0,0
0.0741,27.298,0,0
0.0741333,28.0151,0,0
0.0741667,28.0151,0,0
0.0742,28.0762,0,0
0.0742333,28.0762,0,0
0.0742667,27.1759,0,0
0.0743,27.1759,0,0
0.0743333,27.1606,0,0
0.0743667,27.1606,0,0
0.0744,27.2064,0,0
0.0744333,27.2064,0,0
0.0744667,27.4353,0,0
0.0745,27.4353,0,0
0.0745333,26.7792,0,0
0.0745667,26.7792,0,0
0.0746,25.238,0,0
0.0746333,25.238,0,0
0.0746667,24.0784,0,0
0.0747,24.0784,0,0
0.0747333,22.7814,0,0
0.0747667,22.7814,0,0
0.0748,21.286,0,0
0.0748333,21.286,0,0
0.0748667,20.0043,0,0
0.0749,20.0043,0,0
0.0749333,19.455,0,0
0.0749667,19.455,0,0
0.075,19.8059,0,0
0.0750333,19.8059,0,0
0.0750667,21.3623,0,0
0.0751,21.3623,0,0
0.0751333,23.1628,0,0
0.0751667,23.1628,0,0
0.0752,23.407,0,0
0.0752333,23.407,0,0
0.0752667,22.0642,0,0
0.0753,22.0642,0,0
0.0753333,19.8059,0,0
0.0753667,19.8059,0,0
0.0754,17.4866,0,0
0.0754333,17.4866,0,0
0.0754667,15.1367,0,0
0.0755,15.1367,0,0
0.0755333,14.5721,0,0
0.0755667,14.5721,0,0
0.0756,15.274,0,0
0.0756333,15.274,0,0
0.0756667,15.9302,0,0
0.0757,15.9302,0,0
0.0757333,16.9067,0,0
0.0757667,16.9067,0,0
0.0758,17.1204,0,0
0.0758333,17.1204,0,0
0.0758667,16.7694,0,0
0.0759,16.7694,0,0
0.0759333,18.2037,0,0
0.0759667,18.2037,0,0
0.076,20.9351,0,0
0.0760333,20.9351,0,0
0.0760667,24.2157,0,0
0.0761,24.2157,0,0
0.0761333,27.1606,0,0
0.0761667,27.1606,0,0
0.0762,27.832,0,0
0.0762333,27.832,0,0
0.0762667,25.8789,0,0
0.0763,25.8789,0,0
0.0763333,23.1781,0,0
0.0763667,23.1781,0,0
0.0764,19.2108,0,0
0.0764333,19.2108,0,0
0.0764667,15.152,0,0
0.0765,15.152,0,0
0.0765333,12.2528,0,0
0.0765667,12.2528,0,0
0.0766,9.6283,0,0
0.0766333,9.6283,0,0
0.0766667,8.66699,0,0
0.0767,8.66699,0,0
0.0767333,9.78088,0,0
0.0767667,9.78088,0,0
0.0768,11.4899,0,0
0.0768333,11.4899,0,0
0.0768667,13.7177,0,0
0.0769,13.7177,0,0
0.0769333,15.3198,0,0
0.0769667,15.3198,0,0
0.077,15.4419,0,0
0.0770333,15.4419,0,0
0.0770667,14.3127,0,0
0.0771,14.3127,0,0
0.0771333,12.3901,0,0
0.0771667,12.3901,0,0
0.0772,10.3607,0,0
0.0772333,10.3607,0,0
0.0772667,9.85718,0,0
0.0773,9.85718,0,0
0.0773333,10.3607,0,0
0.0773667,10.3607,0,0
0.0774,11.1237,0,0
0.0774333,11.1237,0,0
0.0774667,12.0697,0,0
0.0775,12.0697,0,0
0.0775333,12.9242,0,0
0.0775667,12.9242,0,0
0.0776,15.0757,0,0
0.0776333,15.0757,0,0
0.0776667,19.3939,0,0
0.0777,19.3939,0,0
0.0777333,23.8495,0,0
0.0777667,23.8495,0,0
0.0778,27.0691,0,0
0.0778333,27.0691,0,0
0.0778667,26.5045,0,0
0.0779,26.5045,0,0
0.0779333,22.3846,0,0
0.0779667,22.3846,0,0
0.078,17.7612,0,0
0.0780333,17.7612,0,0
0.0780667,13.4277,0,0
0.0781,13.4277,0,0
0.0781333,11.1847,0,0
0.0781667,11.1847,0,0
0.0782,10.4218,0,0
0.0782333,10.4218,0,0
0.0782667,10.2539,0,0
0.0783,10.2539,0,0
0.0783333,10.5133,0,0
0.0783667,10.5133,0,0
0.0784,10.6812,0,0
0.0784333,10.6812,0,0
0.0784667,12.3596,0,0
0.0785,12.3596,0,0
0.0785333,14.4196,0,0
0.0785667,14.4196,0,0
0.0786,16.6626,0,0
0.0786333,16.6626,0,0
0.0786667,17.9291,0,0
0.0787,17.9291,0,0
0.0787333,18.1427,0,0
0.0787667,18.1427,0,0
0.0788,17.5934,0,0
0.0788333,17.5934,0,0
0.0788667,17.7307,0,0
0.0789,17.7307,0,0
0.0789333,19.0582,0,0
0.0789667,19.0582,0,0
0.079,20.7062,0,0
0.0790333,20.7062,0,0
0.0790667,22.1558,0,0
0.0791,22.1558,0,0
0.0791333,23.6053,0,0
0.0791667,23.6053,0,0
0.0792,24.353,0,0
0.0792333,24.353,0,0
0.0792667,25.2075,0,0
0.0793,25.2075,0,0
0.0793333,27.9083,0,0
0.0793667,27.9083,0,0
0.0794,28.595,0,0
0.0794333,28.595,0,0
0.0794667,27.2369,0,0
0.0795,27.2369,0,0
0.0795333,24.0479,0,0
0.0795667,24.0479,0,0
0.0796,18.9972,0,0
0.0796333,18.9972,0,0
0.0796667,14.8163,0,0
0.0797,14.8163,0,0
0.0797333,13.6261,0,0
0.0797667,13.6261,0,0
0.0798,13.7939,0,0
0.0798333,13.7939,0,0
0.0798667,14.4501,0,0
0.0799,14.4501,0,0
0.0799333,14.9536,0,0
0.0799667,14.9536,0,0
0.08,15.1825,0,0
0.0800333,15.1825,0,0
0.0800667,15.3351,0,0
0.0801,15.3351,0,0
0.0801333,15.7928,0,0
0.0801667,15.7928,0,0
0.0802,16.7389,0,0
0.0802333,16.7389,0,0
0.0802667,18.6157,0,0
0.0803,18.6157,0,0
0.0803333,19.5312,0,0
0.0803667,19.5312,0,0
0.0804,19.7601,0,0
0.0804333,19.7601,0,0
0.0804667,18.6768,0,0
0.0805,18.6768,0,0
0.0805333,15.5334,0,0
0.0805667,15.5334,0,0
0.0806,13.5345,0,0
0.0806333,13.5345,0,0
0.0806667,14.2212,0,0
0.0807,14.2212,0,0
0.0807333,16.9525,0,0
0.0807667,16.9525,0,0
0.0808,20.5078,0,0
0.0808333,20.5078,0,0
0.0808667,23.7732,0,0
0.0809,23.7732,0,0
0.0809333,25.528,0,0
0.0809667,25.528,0,0
0.081,26.5503,0,0
0.0810333,26.5503,0,0
0.0810667,28.4119,0,0
0.0811,28.4119,0,0
0.0811333,30.7465,0,0
0.0811667,30.7465,0,0
0.0812,32.5623,0,0
0.0812333,32.5623,0,0
0.0812667,33.0963,0,0
0.0813,33.0963,0,0
0.0813333,31.7688,0,0
0.0813667,31.7688,0,0
0.0814,30.014,0,0
0.0814333,30.014,0,0
0.0814667,29.3274,0,0
0.0815,29.3274,0,0
0.0815333,30.4565,0,0
0.0815667,30.4565,0,0
0.0816,31.9824,0,0
0.0816333,31.9824,0,0
0.0816667,32.5623,0,0
0.0817,32.5623,0,0
0.0817333,31.0516,0,0
0.0817667,31.0516,0,0
0.0818,27.9846,0,0
0.0818333,27.9846,0,0
0.0818667,25.2686,0,0
0.0819,25.2686,0,0
0.0819333,24.3225,0,0
0.0819667,24.3225,0,0
0.082,25.0092,0,0
0.0820333,25.0092,0,0
0.0820667,26.123,0,0
0.0821,26.123,0,0
0.0821333,27.1454,0,0
0.0821667,27.1454,0,0
0.0822,28.1372,0,0
0.0822333,28.1372,0,0
0.0822667,29.2664,0,0
0.0823,29.2664,0,0
0.0823333,30.7922,0,0
0.0823667,30.7922,0,0
0.0824,32.9742,0,0
0.0824333,32.9742,0,0
0.0824667,33.9508,0,0
0.0825,33.9508,0,0
0.0825333,34.6527,0,0
0.0825667,34.6527,0,0
0.0826,34.6069,0,0
0.0826333,34.6069,0,0
0.0826667,34.3628,0,0
0.0827,34.3628,0,0
0.0827333,35.7819,0,0
0.0827667,35.7819,0,0
0.0828,37.0941,0,0
0.0828333,37.0941,0,0
0.0828667,36.911,0,0
0.0829,36.911,0,0
0.0829333,35.5682,0,0
0.0829667,35.5682,0,0
0.083,31.8604,0,0
0.0830333,31.8604,0,0
0.0830667,28.1677,0,0
0.0831,28.1677,0,0
0.0831333,26.5656,0,0
0.0831667,26.5656,0,0
0.0832,27.6031,0,0
0.0832333,27.6031,0,0
0.0832667,30.1514,0,0
0.0833,30.1514,0,0
0.0833333,32.7301,0,0
0.0833667,32.7301,0,0
0.0834,35.2478,0,0
0.0834333,35.2478,0,0
0.0834667,36.8347,0,0
0.0835,36.8347,0,0
0.0835333,37.5061,0,0
0.0835667,37.5061,0,0
0.0836,37.6587,0,0
0.0836333,37.6587,0,0
0.0836667,36.6516,0,0
0.0837,36.6516,0,0
0.0837333,35.5835,0,0
0.0837667,35.5835,0,0
0.0838,33.8898,0,0
0.0838333,33.8898,0,0
0.0838667,31.8604,0,0
0.0839,31.8604,0,0
0.0839333,30.5328,0,0
0.0839667,30.5328,0,0
0.084,29.1138,0,0
0.0840333,29.1138,0,0
0.0840667,29.2053,0,0
0.0841,29.2053,0,0
0.0841333,29.8004,0,0
0.0841667,29.8004,0,0
0.0842,29.9072,0,0
0.0842333,29.9072,0,0
0.0842667,28.7933,0,0
0.0843,28.7933,0,0
0.0843333,27.1912,0,0
0.0843667,27.1912,0,0
0.0844,26.123,0,0
0.0844333,26.123,0,0
0.0844667,25.6958,0,0
0.0845,25.6958,0,0
0.0845333,26.3977,0,0
0.0845667,26.3977,0,0
0.0846,27.2064,0,0
0.0846333,27.2064,0,0
0.0846667,28.6865,0,0
0.0847,28.6865,0,0
0.0847333,30.8685,0,0
0.0847667,30.8685,0,0
0.0848,33.3557,0,0
0.0848333,33.3557,0,0
0.0848667,34.9731,0,0
0.0849,34.9731,0,0
0.0849333,34.1797,0,0
0.0849667,34.1797,0,0
0.085,31.9672,0,0
0.0850333,31.9672,0,0
0.0850667,30.0293,0,0
0.0851,30.0293,0,0
0.0851333,29.0527,0,0
0.0851667,29.0527,0,0
0.0852,30.0446,0,0
0.0852333,30.0446,0,0
0.0852667,32.1503,0,0
0.0853,32.1503,0,0
0.0853333,34.4391,0,0
0.0853667,34.4391,0,0
0.0854,36.0413,0,0
0.0854333,36.0413,0,0
0.0854667,35.7666,0,0
0.0855,35.7666,0,0
0.0855333,34.1339,0,0
0.0855667,34.1339,0,0
0.0856,31.3416,0,0
0.0856333,31.3416,0,0
0.0856667,29.5868,0,0
0.0857,29.5868,0,0
0.0857333,29.7699,0,0
0.0857667,29.7699,0,0
0.0858,31.4026,0,0
0.0858333,31.4026,0,0
0.0858667,32.2723,0,0
0.0859,32.2723,0,0
0.0859333,30.7159,0,0
0.0859667,30.7159,0,0
0.086,26.1688,0,0
0.0860333,26.1688,0,0
0.0860667,21.0876,0,0
0.0861,21.0876,0,0
0.0861333,17.6849,0,0
0.0861667,17.6849,0,0
0.0862,16.3269,0,0
0.0862333,16.3269,0,0
0.0862667,17.8528,0,0
0.0863,17.8528,0,0
0.0863333,19.2413,0,0
0.0863667,19.2413,0,0
0.0864,19.8364,0,0
0.0864333,19.8364,0,0
0.0864667,19.3481,0,0
0.0865,19.3481,0,0
0.0865333,17.9291,0,0
0.0865667,17.9291,0,0
0.0866,16.9525,0,0
0.0866333,16.9525,0,0
0.0866667,16.3269,0,0
0.0867,16.3269,0,0
0.0867333,16.037,0,0
0.0867667,16.037,0,0
0.0868,15.4724,0,0
0.0868333,15.4724,0,0
0.0868667,14.6179,0,0
0.0869,14.6179,0,0
0.0869333,14.0228,0,0
0.0869667,14.0228,0,0
0.087,13.8855,0,0
0.0870333,13.8855,0,0
0.0870667,15.5334,0,0
0.0871,15.5334,0,0
0.0871333,17.8223,0,0
0.0871667,17.8223,0,0
0.0872,19.1956,0,0
0.0872333,19.1956,0,0
0.0872667,18.5089,0,0
0.0873,18.5089,0,0
0.0873333,16.2354,0,0
0.0873667,16.2354,0,0
0.0874,13.0005,0,0
0.0874333,13.0005,0,0
0.0874667,11.4441,0,0
0.0875,11.4441,0,0
0.0875333,11.8866,0,0
0.0875667,11.8866,0,0
0.0876,13.5345,0,0
0.0876333,13.5345,0,0
0.0876667,14.5721,0,0
0.0877,14.5721,0,0
0.0877333,14.3127,0,0
0.0877667,14.3127,0,0
0.0878,13.3514,0,0
0.0878333,13.3514,0,0
0.0878667,12.4664,0,0
0.0879,12.4664,0,0
0.0879333,12.8479,0,0
0.0879667,12.8479,0,0
0.088,15.1215,0,0
0.0880333,15.1215,0,0
0.0880667,16.51,0,0
0.0881,16.51,0,0
0.0881333,16.6473,0,0
0.0881667,16.6473,0,0
0.0882,15.625,0,0
0.0882333,15.625,0,0
0.0882667,14.0686,0,0
0.0883,14.0686,0,0
0.0883333,13.3209,0,0
0.0883667,13.3209,0,0
0.0884,12.9242,0,0
0.0884333,12.9242,0,0
0.0884667,12.2375,0,0
0.0885,12.2375,0,0
0.0885333,10.9711,0,0
0.0885667,10.9711,0,0
0.0886,10.5286,0,0
0.0886333,10.5286,0,0
0.0886667,11.734,0,0
0.0887,11.734,0,0
0.0887333,14.4501,0,0
0.0887667,14.4501,0,0
0.0888,17.2577,0,0
0.0888333,17.2577,0,0
0.0888667,18.7378,0,0
0.0889,18.7378,0,0
0.0889333,18.3411,0,0
0.0889667,18.3411,0,0
0.089,19.0125,0,0
0.0890333,19.0125,0,0
0.0890667,19.3329,0,0
0.0891,19.3329,0,0
0.0891333,18.4784,0,0
0.0891667,18.4784,0,0
0.0892,16.922,0,0
0.0892333,16.922,0,0
0.0892667,13.9008,0,0
0.0893,13.9008,0,0
0.0893333,9.94873,0,0
0.0893667,9.94873,0,0
0.0894,7.58362,0,0
0.0894333,7.58362,0,0
0.0894667,8.7738,0,0
0.0895,8.7738,0,0
0.0895333,10.1624,0,0
0.0895667,10.1624,0,0
0.0896,10.9406,0,0
0.0896333,10.9406,0,0
0.0896667,11.2305,0,0
0.0897,11.2305,0,0
0.0897333,9.50623,0,0
0.0897667,9.50623,0,0
0.0898,8.23975,0,0
0.0898333,8.23975,0,0
0.0898667,8.46863,0,0
0.0899,8.46863,5,0
0.0899333,10.2081,5,0
0.0899667,10.2081,5,0
0.09,12.2223,5,0
0.0900333,12.2223,5,0
0.0900667,14.7247,5,0
0.0901,14.7247,5,0
0.0901333,16.7542,5,0
0.0901667,16.7542,5,0
0.0902,17.9596,5,0
0.0902333,17.9596,5,0
0.0902667,17.807,5,0
0.0903,17.807,5,0
0.0903333,16.6473,5,0
0.0903667,16.6473,5,0
0.0904,15.7013,5,0
0.0904333,15.7013,5,0
0.0904667,16.0217,5,0
0.0905,16.0217,5,0
0.0905333,17.4561,5,0
0.0905667,17.4561,5,0
0.0906,18.4326,5,0
0.0906333,18.4326,5,0
0.0906667,18.3411,5,0
0.0907,18.3411,5,0
0.0907333,17.0441,5,0
0.0907667,17.0441,5,0
0.0908,16.7084,5,0
0.0908333,16.7084,5,0
0.0908667,16.5405,5,0
0.0909,16.5405,5,0
0.0909333,16.9373,5,0
0.0909667,16.9373,5,0
0.091,15.8844,5,0
0.0910333,15.8844,5,0
0.0910667,11.6577,5,0
0.0911,11.6577,5,0
0.0911333,6.5155,5,0
0.0911667,6.5155,5,0
0.0912,2.59399,5,0
0.0912333,2.59399,5,0
0.0912667,0.366211,5,0
0.0913,0.366211,5,0
0.0913333,0.473022,5,0
0.0913667,0.473022,5,0
0.0914,0.854492,5,0
0.0914333,0.854492,5,0
0.0914667,1.8158,5,0
0.0915,1.8158,5,0
0.0915333,2.99072,5,0
0.0915667,2.99072,5,0
0.0916,4.74548,5,0
0.0916333,4.74548,5,0
0.0916667,6.57654,5,0
0.0917,6.57654,5,0
0.0917333,7.62939,5,0
0.0917667,7.62939,5,0
0.0918,6.95801,5,0
0.0918333,6.95801,5,0
0.0918667,5.32532,5,0
0.0919,5.32532,5,0
0.0919333,4.11987,5,0
0.0919667,4.11987,5,0
0.092,3.31116,5,0
0.0920333,3.31116,5,0
0.0920667,3.28064,5,0
0.0921,3.28064,5,0
0.0921333,5.12695,5,0
0.0921667,5.12695,5,0
0.0922,5.85937,5,0
0.0922333,5.85937,5,0
0.0922667,5.43213,5,0
0.0923,5.43213,5,0
0.0923333,4.65393,5,0
0.0923667,4.65393,5,0
0.0924,3.44849,5,0
0.0924333,3.44849,5,0
0.0924667,4.10461,5,0
0.0925,4.10461,5,0
0.0925333,6.42395,5,0
0.0925667,6.42395,5,0
0.0926,9.71985,5,0
0.0926333,9.71985,5,0
0.0926667,11.8256,5,0
0.0927,11.8256,5,0
0.0927333,12.97,5,0
0.0927667,12.97,5,0
0.0928,14.7247,5,0
0.0928333,14.7247,5,0
0.0928667,17.1509,5,0
0.0929,17.1509,5,0
0.0929333,18.1427,5,0
0.0929667,18.1427,5,0
0.093,17.868,5,0
0.0930333,17.868,5,0
0.0930667,15.3198,5,0
0.0931,15.3198,5,0
0.0931333,10.8948,5,0
0.0931667,10.8948,5,0
0.0932,8.08716,5,0
0.0932333,8.08716,5,0
0.0932667,7.99561,5,0
0.0933,7.99561,5,0
0.0933333,9.01794,5,0
0.0933667,9.01794,5,0
0.0934,10.9558,5,0
0.0934333,10.9558,5,0
0.0934667,13.5651,5,0
0.0935,13.5651,5,0
0.0935333,14.5111,5,0
0.0935667,14.5111,5,0
0.0936,14.9841,5,0
0.0936333,14.9841,5,0
0.0936667,14.4806,5,0
0.0937,14.4806,5,0
0.0937333,14.267,5,0
0.0937667,14.267,5,0
0.0938,15.1672,5,0
0.0938333,15.1672,5,0
0.0938667,16.6779,5,0
0.0939,16.6779,5,0
0.0939333,18.2037,5,0
0.0939667,18.2037,5,0
0.094,18.0817,5,0
0.0940333,18.0817,5,0
0.0940667,17.868,5,0
0.0941,17.868,5,0
0.0941333,18.2953,5,0
0.0941667,18.2953,5,0
0.0942,21.4691,5,0
0.0942333,21.4691,5,0
0.0942667,25.0397,5,0
0.0943,25.0397,5,0
0.0943333,27.2217,5,0
0.0943667,27.2217,5,0
0.0944,26.8707,5,0
0.0944333,26.8707,5,0
0.0944667,23.3459,5,0
0.0945,23.3459,5,0
0.0945333,18.9209,5,0
0.0945667,18.9209,5,0
0.0946,15.1978,5,0
0.0946333,15.1978,5,0
0.0946667,13.5345,5,0
0.0947,13.5345,5,0
0.0947333,12.5122,5,0
0.0947667,12.5122,5,0
0.0948,11.734,5,0
0.0948333,11.734,5,0
0.0948667,10.2692,5,0
0.0949,10.2692,5,0
0.0949333,8.65173,5,0
0.0949667,8.65173,5,0
0.095,9.79614,5,0
0.0950333,9.79614,5,0
0.0950667,12.5122,5,0
0.0951,12.5122,5,0
0.0951333,15.9454,5,0
0.0951667,15.9454,5,0
0.0952,17.4713,5,0
0.0952333,17.4713,5,0
0.0952667,16.4642,5,0
0.0953,16.4642,5,0
0.0953333,15.3198,5,0
0.0953667,15.3198,5,0
0.0954,15.625,5,0
0.0954333,15.625,5,0
0.0954667,17.8833,5,0
0.0955,17.8833,5,0
0.0955333,20.9961,5,0
0.0955667,20.9961,5,0
0.0956,22.3846,5,0
0.0956333,22.3846,5,0
0.0956667,21.4996,5,0
0.0957,21.4996,5,0
0.0957333,20.5078,5,0
0.0957667,20.5078,5,0
0.0958,19.4397,5,0
0.0958333,19.4397,5,0
0.0958667,19.3329,5,0
0.0959,19.3329,5,0
0.0959333,20.1111,5,0
0.0959667,20.1111,5,0
0.096,20.1263,5,0
0.0960333,20.1263,5,0
0.0960667,19.6075,5,0
0.0961,19.6075,5,0
0.0961333,19.2261,5,0
0.0961667,19.2261,5,0
0.0962,18.7988,5,0
0.0962333,18.7988,5,0
0.0962667,19.5618,5,0
0.0963,19.5618,5,0
0.0963333,21.1945,5,0
0.0963667,21.1945,5,0
0.0964,23.2391,5,0
0.0964333,23.2391,5,0
0.0964667,25.8331,5,0
0.0965,25.8331,5,0
0.0965333,28.6865,5,0
0.0965667,28.6865,5,0
0.0966,31.9824,5,0
0.0966333,31.9824,5,0
0.0966667,34.5154,5,0
0.0967,34.5154,5,0
0.0967333,35.7513,5,0
0.0967667,35.7513,5,0
0.0968,34.3628,5,0
0.0968333,34.3628,5,0
0.0968667,29.7394,5,0
0.0969,29.7394,5,0
0.0969333,25.1312,5,0
0.0969667,25.1312,5,0
0.097,21.9727,5,0
0.0970333,21.9727,5,0
0.0970667,21.6522,5,0
0.0971,21.6522,5,0
0.0971333,23.5291,5,0
0.0971667,23.5291,5,0
0.0972,25.0854,5,0
0.0972333,25.0854,5,0
0.0972667,26.2299,5,0
0.0973,26.2299,5,0
0.0973333,26.7029,5,0
0.0973667,26.7029,5,0
0.0974,27.771,5,0
0.0974333,27.771,5,0
0.0974667,29.2511,5,0
0.0975,29.2511,5,0
0.0975333,29.7546,5,0
0.0975667,29.7546,5,0
0.0976,28.6865,5,0
0.0976333,28.6865,5,0
0.0976667,27.1301,5,0
0.0977,27.1301,5,0
0.0977333,25.5585,5,0
0.0977667,25.5585,5,0
0.0978,25.5432,5,0
0.0978333,25.5432,5,0
0.0978667,26.7334,5,0
0.0979,26.7334,5,0
0.0979333,27.0233,5,0
0.0979667,27.0233,5,0
0.098,26.3214,5,0
0.0980333,26.3214,5,0
0.0980667,24.4141,5,0
0.0981,24.4141,5,0
0.0981333,21.9879,5,0
0.0981667,21.9879,5,0
0.0982,20.0958,5,0
0.0982333,20.0958,5,0
0.0982667,18.9209,5,0
0.0983,18.9209,5,0
0.0983333,18.9514,5,0
0.0983667,18.9514,5,0
0.0984,18.4021,5,0
0.0984333,18.4021,5,0
0.0984667,17.3035,5,0
0.0985,17.3035,5,0
0.0985333,15.3503,5,0
0.0985667,15.3503,5,0
0.0986,13.1683,5,0
0.0986333,13.1683,5,0
0.0986667,11.8866,5,0
0.0987,11.8866,5,0
0.0987333,12.0239,5,0
0.0987667,12.0239,5,0
0.0988,14.0839,5,0
0.0988333,14.0839,5,0
0.0988667,17.5629,5,0
0.0989,17.5629,5,0
0.0989333,21.0876,5,0
0.0989667,21.0876,5,0
0.099,24.6735,5,0
0.0990333,24.6735,5,0
0.0990667,27.6947,5,0
0.0991,27.6947,5,0
0.0991333,30.1971,5,0
0.0991667,30.1971,5,0
0.0992,31.5857,5,0
0.0992333,31.5857,5,0
0.0992667,31.9977,5,0
0.0993,31.9977,5,0
0.0993333,30.304,5,0
0.0993667,30.304,5,0
0.0994,26.9012,5,0
0.0994333,26.9012,5,0
0.0994667,22.9492,5,0
0.0995,22.9492,5,0
0.0995333,19.6075,5,0
0.0995667,19.6075,5,0
0.0996,17.3798,5,0
0.0996333,17.3798,5,0
0.0996667,15.564,5,0
0.0997,15.564,5,0
0.0997333,12.3444,5,0
0.0997667,12.3444,5,0
0.0998,7.64465,5,0
0.0998333,7.64465,5,0
0.0998667,2.47192,5,0
0.0999,2.47192,5,0
0.0999333,-1.66321,5,0
0.0999667,-1.66321,5,0
0.1,-2.97546,5,0
0.100033,-2.97546,5,0
0.100067,0.335693,5,0
0.1001,0.335693,5,0
0.100133,7.43103,5,0
0.100167,7.43103,5,0
0.1002,14.74,5,0
0.100233,14.74,5,0
0.100267,20.2484,5,0
0.1003,20.2484,5,0
0.100333,23.0408,5,0
0.100367,23.0408,5,0
0.1004,21.5302,5,0
0.100433,21.5302,5,0
0.100467,19.989,5,0
0.1005,19.989,5,0
0.100533,20.2942,5,0
0.100567,20.2942,5,0
0.1006,21.0876,5,0
0.100633,21.0876,5,0
0.100667,21.3776,5,0
0.1007,21.3776,5,0
0.100733,21.8353,5,0
0.100767,21.8353,5,0
0.1008,20.9656,5,0
0.100833,20.9656,5,0
0.100867,19.8517,5,0
0.1009,19.8517,5,0
0.100933,20.6146,5,0
0.100967,20.6146,5,0
0.101,21.225,5,0
0.101033,21.225,5,0
0.101067,18.692,5,0
0.1011,18.692,5,0
0.101133,14.3433,5,0
0.101167,14.3433,5,0
0.1012,9.97925,5,0
0.101233,9.97925,5,0
0.101267,7.8125,5,0
0.1013,7.8125,5,0
0.101333,8.20923,5,0
0.101367,8.20923,5,0
0.1014,10.9406,5,0
0.101433,10.9406,5,0
0.101467,10.7422,5,0
0.1015,10.7422,5,0
0.101533,7.99561,5,0
0.101567,7.99561,5,0
0.1016,4.56238,5,0
0.101633,4.56238,5,0
0.101667,4.40979,5,0
0.1017,4.40979,5,0
0.101733,8.72803,5,0
0.101767,8.72803,5,0
0.1018,15.8691,5,0
0.101833,15.8691,5,0
0.101867,23.0103,5,0
0.1019,23.0103,5,0
0.101933,27.2522,5,0
0.101967,27.2522,5,0
0.102,27.2522,5,0
0.102033,27.2522,5,0
0.102067,24.7955,5,0
0.1021,24.7955,5,0
0.102133,22.522,5,0
0.102167,22.522,5,0
0.1022,20.9045,5,0
0.102233,20.9045,5,0
0.102267,21.1639,5,0
0.1023,21.1639,5,0
0.102333,21.7896,5,0
0.102367,21.7896,5,0
0.1024,22.522,5,0
0.102433,22.522,5,0
0.102467,23.056,5,0
0.1025,23.056,5,0
0.102533,23.7885,5,0
0.102567,23.7885,5,0
0.1026,25.1923,5,0
0.102633,25.1923,5,0
0.102667,27.3285,5,0
0.1027,27.3285,5,0
0.102733,28.4271,5,0
0.102767,28.4271,5,0
0.1028,29.0985,5,0
0.102833,29.0985,5,0
0.102867,28.9001,5,0
0.1029,28.9001,5,0
0.102933,28.8391,5,0
0.102967,28.8391,5,0
0.103,29.4495,5,0
0.103033,29.4495,5,0
0.103067,29.1901,5,0
0.1031,29.1901,5,0
0.103133,28.3508,5,0
0.103167,28.3508,5,0
0.1032,26.123,5,0
0.103233,26.123,5,0
0.103267,22.7203,5,0
0.1033,22.7203,5,0
0.103333,19.6686,5,0
0.103367,19.6686,5,0
0.1034,17.8223,5,0
0.103433,17.8223,5,0
0.103467,17.868,5,0
0.1035,17.868,5,0
0.103533,19.3176,5,0
0.103567,19.3176,5,0
0.1036,20.9045,5,0
0.103633,20.9045,5,0
0.103667,20.9198,5,0
0.1037,20.9198,5,0
0.103733,19.5618,5,0
0.103767,19.5618,5,0
0.1038,17.4408,5,0
0.103833,17.4408,5,0
0.103867,17.6086,5,0
0.1039,17.6086,5,0
0.103933,19.8212,5,0
0.103967,19.8212,5,0
0.104,21.7285,5,0
0.104033,21.7285,5,0
0.104067,22.3846,5,0
0.1041,22.3846,5,0
0.104133,20.5078,5,0
0.104167,20.5078,5,0
0.1042,16.922,5,0
0.104233,16.922,5,0
0.104267,14.5111,5,0
0.1043,14.5111,5,0
0.104333,14.4501,5,0
0.104367,14.4501,5,0
0.1044,15.4114,5,0
0.104433,15.4114,5,0
0.104467,18.0817,5,0
0.1045,18.0817,5,0
0.104533,22.1558,5,0
0.104567,22.1558,5,0
0.1046,25.3143,5,0
0.104633,25.3143,5,0
0.104667,26.5808,5,0
0.1047,26.5808,5,0
0.104733,27.0996,5,0
0.104767,27.0996,5,0
0.1048,26.3519,5,0
0.104833,26.3519,5,0
0.104867,26.3672,5,0
0.1049,26.3672,5,0
0.104933,25.2686,5,0
0.104967,25.2686,5,0
0.105,23.6053,5,0
0.105033,23.6053,5,0
0.105067,19.2566,5,0
0.1051,19.2566,5,0
0.105133,14.1907,5,0
0.105167,14.1907,5,0
0.1052,10.6964,5,0
0.105233,10.6964,5,0
0.105267,9.8877,5,0
0.1053,9.8877,5,0
0.105333,10.4218,5,0
0.105367,10.4218,5,0
0.1054,11.5051,5,0
0.105433,11.5051,5,0
0.105467,13.031,5,0
0.1055,13.031,5,0
0.105533,14.4501,5,0
0.105567,14.4501,5,0
0.1056,15.9454,5,0
0.105633,15.9454,5,0
0.105667,16.0065,5,0
0.1057,16.0065,5,0
0.105733,14.5111,5,0
0.105767,14.5111,5,0
0.1058,12.2375,5,0
0.105833,12.2375,5,0
0.105867,11.2152,5,0
0.1059,11.2152,5,0
0.105933,11.9324,5,0
0.105967,11.9324,5,0
0.106,14.8315,5,0
0.106033,14.8315,5,0
0.106067,19.0125,5,0
0.1061,19.0125,5,0
0.106133,23.88,5,0
0.106167,23.88,5,0
0.1062,28.3813,5,0
0.106233,28.3813,5,0
0.106267,31.7993,5,0
0.1063,31.7993,5,0
0.106333,31.6467,5,0
0.106367,31.6467,5,0
0.1064,28.8849,5,0
0.106433,28.8849,5,0
0.106467,24.4141,5,0
0.1065,24.4141,5,0
0.106533,20.7062,5,0
0.106567,20.7062,5,0
0.1066,19.2871,5,0
0.106633,19.2871,5,0
0.106667,19.3481,5,0
0.1067,19.3481,5,0
0.106733,18.8599,5,0
0.106767,18.8599,5,0
0.1068,18.0511,5,0
0.106833,18.0511,5,0
0.106867,16.0675,5,0
0.1069,16.0675,5,0
0.106933,13.8092,5,0
0.106967,13.8092,5,0
0.107,11.9781,5,0
0.107033,11.9781,0,0
0.107067,10.5896,0,0
0.1071,10.5896,0,0
0.107133,10.4065,0,0
0.107167,10.4065,0,0
0.1072,10.8032,0,0
0.107233,10.8032,0,0
0.107267,11.9629,0,0
0.1073,11.9629,0,0
0.107333,12.4969,0,0
0.107367,12.4969,0,0
0.1074,11.795,0,0
0.107433,11.795,0,0
0.107467,11.4136,0,0
0.1075,11.4136,0,0
0.107533,12.8784,0,0
0.107567,12.8784,0,0
0.1076,14.8773,0,0
0.107633,14.8773,0,0
0.107667,15.8997,0,0
0.1077,15.8997,0,0
0.107733,14.4348,0,0
0.107767,14.4348,0,0
0.1078,10.6049,0,0
0.107833,10.6049,0,0
0.107867,7.91931,0,0
0.1079,7.91931,0,0
0.107933,10.0555,0,0
0.107967,10.0555,0,0
0.108,14.2975,0,0
0.108033,14.2975,0,0
0.108067,19.7449,0,0
0.1081,19.7449,0,0
0.108133,22.9187,0,0
0.108167,22.9187,0,0
0.1082,21.9269,0,0
0.108233,21.9269,0,0
0.108267,20.2637,0,0
0.1083,20.2637,0,0
0.108333,17.3645,0,0
0.108367,17.3645,0,0
0.1084,14.1449,0,0
0.108433,14.1449,0,0
0.108467,11.2,0,0
0.1085,11.2,0,0
0.108533,8.80432,0,0
0.108567,8.80432,0,0
0.1086,6.62231,0,0
0.108633,6.62231,0,0
0.108667,5.2948,0,0
0.1087,5.2948,0,0
0.108733,5.0354,0,0
0.108767,5.0354,0,0
0.1088,6.04248,0,0
0.108833,6.04248,0,0
0.108867,8.23975,0,0
0.1089,8.23975,0,0
0.108933,11.673,0,0
0.108967,11.673,0,0
0.109,14.4043,0,0
0.109033,14.4043,0,0
0.109067,16.3879,0,0
0.1091,16.3879,0,0
0.109133,18.0206,0,0
0.109167,18.0206,0,0
0.1092,19.4244,0,0
0.109233,19.4244,0,0
0.109267,21.1334,0,0
0.1093,21.1334,0,0
0.109333,22.7356,0,0
0.109367,22.7356,0,0
0.1094,24.1547,0,0
0.109433,24.1547,0,0
0.109467,25.4364,0,0
0.1095,25.4364,0,0
0.109533,27.6794,0,0
0.109567,27.6794,0,0
0.1096,30.7312,0,0
0.109633,30.7312,0,0
0.109667,33.5388,0,0
0.1097,33.5388,0,0
0.109733,35.553,0,0
0.109767,35.553,0,0
0.1098,36.3922,0,0
0.109833,36.3922,0,0
0.109867,33.493,0,0
0.1099,33.493,0,0
0.109933,28.1677,0,0
0.109967,28.1677,0,0
0.11,22.644,0,0
0.110033,22.644,0,0
0.110067,17.5323,0,0
0.1101,17.5323,0,0
0.110133,14.1449,0,0
0.110167,14.1449,0,0
0.1102,13.2599,0,0
0.110233,13.2599,0,0
0.110267,13.7482,0,0
0.1103,13.7482,0,0
0.110333,15.5487,0,0
0.110367,15.5487,0,0
0.1104,19.1956,0,0
0.110433,19.1956,0,0
0.110467,23.1476,0,0
0.1105,23.1476,0,0
0.110533,27.5421,0,0
0.110567,27.5421,0,0
0.1106,32.0892,0,0
0.110633,32.0892,0,0
0.110667,35.9344,0,0
0.1107,35.9344,0,0
0.110733,39.0015,0,0
0.110767,39.0015,0,0
0.1108,41.275,0,0
0.110833,41.275,0,0
0.110867,41.3055,0,0
0.1109,41.3055,0,0
0.110933,40.4663,0,0
0.110967,40.4663,0,0
0.111,39.093,0,0
0.111033,39.093,0,0
0.111067,36.85,0,0
0.1111,36.85,0,0
0.111133,33.7067,0,0
0.111167,33.7067,0,0
0.1112,30.426,0,0
0.111233,30.426,0,0
0.111267,28.8239,0,0
0.1113,28.8239,0,0
0.111333,29.1748,0,0
0.111367,29.1748,0,0
0.1114,30.1514,0,0
0.111433,30.1514,0,0
0.111467,30.5786,0,0
0.1115,30.5786,0,0
0.111533,28.8391,0,0
0.111567,28.8391,0,0
0.1116,25.1312,0,0
0.111633,25.1312,0,0
0.111667,23.3612,0,0
0.1117,23.3612,0,0
0.111733,22.7509,0,0
0.111767,22.7509,0,0
0.1118,24.5209,0,0
0.111833,24.5209,0,0
0.111867,27.0996,0,0
0.1119,27.0996,0,0
0.111933,29.1748,0,0
0.111967,29.1748,0,0
0.112,30.8838,0,0
0.112033,30.8838,0,0
0.112067,32.6385,0,0
0.1121,32.6385,0,0
0.112133,34.4849,0,0
0.112167,34.4849,0,0
0.1122,35.1868,0,0
0.112233,35.1868,0,0
0.112267,33.8593,0,0
0.1123,33.8593,0,0
0.112333,30.7312,0,0
0.112367,30.7312,0,0
0.1124,26.5503,0,0
0.112433,26.5503,0,0
0.112467,22.2168,0,0
0.1125,22.2168,0,0
0.112533,19.2261,0,0
0.112567,19.2261,0,0
0.1126,18.4479,0,0
0.112633,18.4479,0,0
0.112667,19.6381,0,0
0.1127,19.6381,0,0
0.112733,22.3694,0,0
0.112767,22.3694,0,0
0.1128,25.238,0,0
0.112833,25.238,0,0
0.112867,26.825,0,0
0.1129,26.825,0,0
0.112933,26.1536,0,0
0.112967,26.1536,0,0
0.113,24.1547,0,0
0.113033,24.1547,0,0
0.113067,21.7438,0,0
0.1131,21.7438,0,0
0.113133,19.2413,0,0
0.113167,19.2413,0,0
0.1132,18.4021,0,0
0.113233,18.4021,0,0
0.113267,17.9443,0,0
0.1133,17.9443,0,0
0.113333,16.2659,0,0
0.113367,16.2659,0,0
0.1134,15.213,0,0
0.113433,15.213,0,0
0.113467,14.1144,0,0
0.1135,14.1144,0,0
0.113533,14.1907,0,0
0.113567,14.1907,0,0
0.1136,16.1896,0,0
0.113633,16.1896,0,0
0.113667,18.8904,0,0
0.1137,18.8904,0,0
0.113733,21.0876,0,0
0.113767,21.0876,0,0
0.1138,22.8729,0,0
0.113833,22.8729,0,0
0.113867,24.3073,0,0
0.1139,24.3073,0,0
0.113933,24.0479,0,0
0.113967,24.0479,0,0
0.114,22.5067,0,0
0.114033,22.5067,0,0
0.114067,19.9738,0,0
0.1141,19.9738,0,0
0.114133,18.1274,0,0
0.114167,18.1274,0,0
0.1142,18.4021,0,0
0.114233,18.4021,0,0
0.114267,19.8059,0,0
0.1143,19.8059,0,0
0.114333,22.2473,0,0
0.114367,22.2473,0,0
0.1144,23.468,0,0
0.114433,23.468,0,0
0.114467,23.9868,0,0
0.1145,23.9868,0,0
0.114533,23.8953,0,0
0.114567,23.8953,0,0
0.1146,23.6816,0,0
0.114633,23.6816,0,0
0.114667,23.3154,0,0
0.1147,23.3154,0,0
0.114733,23.3765,0,0
0.114767,23.3765,0,0
0.1148,23.2697,0,0
0.114833,23.2697,0,0
0.114867,23.1171,0,0
0.1149,23.1171,0,0
0.114933,22.3694,0,0
0.114967,22.3694,0,0
0.115,20.813,0,0
0.115033,20.813,0,0
0.115067,19.7296,0,0
0.1151,19.7296,0,0
0.115133,19.0277,0,0
0.115167,19.0277,0,0
0.1152,19.3329,0,0
0.115233,19.3329,0,0
0.115267,21.0266,0,0
0.1153,21.0266,0,0
0.115333,23.2849,0,0
0.115367,23.2849,0,0
0.1154,25.8942,0,0
0.115433,25.8942,0,0
0.115467,28.1067,0,0
0.1155,28.1067,0,0
0.115533,29.5258,0,0
0.115567,29.5258,0,0
0.1156,30.777,0,0
0.115633,30.777,0,0
0.115667,31.4484,0,0
0.1157,31.4484,0,0
0.115733,30.777,0,0
0.115767,30.777,0,0
0.1158,27.2522,0,0
0.115833,27.2522,0,0
0.115867,21.6064,0,0
0.1159,21.6064,0,0
0.115933,14.5874,0,0
0.115967,14.5874,0,0
0.116,8.68225,0,0
0.116033,8.68225,0,0
0.116067,6.89697,0,0
0.1161,6.89697,0,0
0.116133,7.46155,0,0
0.116167,7.46155,0,0
0.1162,11.0779,0,0
0.116233,11.0779,0,0
0.116267,15.5945,0,0
0.1163,15.5945,0,0
0.116333,19.8669,0,0
0.116367,19.8669,0,0
0.1164,22.8577,0,0
0.116433,22.8577,0,0
0.116467,25.9857,0,0
0.1165,25.9857,0,0
0.116533,27.4811,0,0
0.116567,27.4811,0,0
0.1166,27.8778,0,0
0.116633,27.8778,0,0
0.116667,28.9917,0,0
0.1167,28.9917,0,0
0.116733,29.9683,0,0
0.116767,29.9683,0,0
0.1168,30.7617,0,0
0.116833,30.7617,0,0
0.116867,31.0669,0,0
0.1169,31.0669,0,0
0.116933,29.5715,0,0
0.116967,29.5715,0,0
0.117,27.832,0,0
0.117033,27.832,0,0
0.117067,27.0233,0,0
0.1171,27.0233,0,0
0.117133,28.183,0,0
0.117167,28.183,0,0
0.1172,29.5715,0,0
0.117233,29.5715,0,0
0.117267,30.6549,0,0
0.1173,30.6549,0,0
0.117333,29.48,0,0
0.117367,29.48,0,0
0.1174,26.947,0,0
0.117433,26.947,0,0
0.117467,24.704,0,0
0.1175,24.704,0,0
0.117533,22.3236,0,0
0.117567,22.3236,0,0
0.1176,20.3552,0,0
0.117633,20.3552,0,0
0.117667,18.7988,0,0
0.1177,18.7988,0,0
0.117733,16.5253,0,0
0.117767,16.5253,0,0
0.1178,14.9078,0,0
0.117833,14.9078,0,0
0.117867,14.3127,0,0
0.1179,14.3127,0,0
0.117933,14.7705,0,0
0.117967,14.7705,0,0
0.118,16.2201,0,0
0.118033,16.2201,0,0
0.118067,17.3645,0,0
0.1181,17.3645,0,0
0.118133,17.6697,0,0
0.118167,17.6697,0,0
0.1182,16.9525,0,0
0.118233,16.9525,0,0
0.118267,16.7389,0,0
0.1183,16.7389,0,0
0.118333,17.5629,0,0
0.118367,17.5629,0,0
0.1184,18.8141,0,0
0.118433,18.8141,0,0
0.118467,20.7825,0,0
0.1185,20.7825,0,0
0.118533,22.1558,0,0
0.118567,22.1558,0,0
0.1186,23.0255,0,0
0.118633,23.0255,0,0
0.118667,23.5443,0,0
0.1187,23.5443,0,0
0.118733,23.2239,0,0
0.118767,23.2239,0,0
0.1188,21.4081,0,0
0.118833,21.4081,0,0
0.118867,19.6991,0,0
0.1189,19.6991,0,0
0.118933,19.6381,0,0
0.118967,19.6381,0,0
0.119,20.9503,0,0
0.119033,20.9503,0,0
0.119067,24.3835,0,0
0.1191,24.3835,0,0
0.119133,25.9094,0,0
0.119167,25.9094,0,0
0.1192,25.0702,0,0
0.119233,25.0702,0,0
0.119267,22.049,0,0
0.1193,22.049,0,0
0.119333,18.5699,0,0
0.119367,18.5699,0,0
0.1194,16.3879,0,0
0.119433,16.3879,0,0
0.119467,16.4795,0,0
0.1195,16.4795,0,0
0.119533,16.9525,0,0
0.119567,16.9525,0,0
0.1196,17.6392,0,0
0.119633,17.6392,0,0
0.119667,17.6544,0,0
0.1197,17.6544,0,0
0.119733,18.158,0,0
0.119767,18.158,0,0
0.1198,18.7836,0,0
0.119833,18.7836,0,0
0.119867,18.9972,0,0
0.1199,18.9972,0,0
0.119933,18.5394,0,0
0.119967,18.5394,0,0
0.12,16.9983,0,0
0.120033,16.9983,0,0
0.120067,15.3503,0,0
0.1201,15.3503,0,0
0.120133,14.7552,0,0
0.120167,14.7552,0,0
0.1202,14.4501,0,0
0.120233,14.4501,0,0
0.120267,13.4125,0,0
0.1203,13.4125,0,0
0.120333,10.849,0,0
0.120367,10.849,0,0
0.1204,6.92749,0,0
0.120433,6.92749,0,0
0.120467,3.64685,0,0
0.1205,3.64685,0,0
0.120533,2.57874,0,0
0.120567,2.57874,0,0
0.1206,4.36401,0,0
0.120633,4.36401,0,0
0.120667,6.91223,0,0
0.1207,6.91223,0,0
0.120733,9.42993,0,0
0.120767,9.42993,0,0
0.1208,10.6964,0,0
0.120833,10.6964,0,0
0.120867,11.8866,0,0
0.1209,11.8866,0,0
0.120933,15.0146,0,0
0.120967,15.0146,0,0
0.121,18.7378,0,0
0.121033,18.7378,0,0
0.121067,21.5607,0,0
0.1211,21.5607,0,0
0.121133,22.7814,0,0
0.121167,22.7814,0,0
0.1212,22.1863,0,0
0.121233,22.1863,0,0
0.121267,20.9808,0,0
0.1213,20.9808,0,0
0.121333,21.4081,0,0
0.121367,21.4081,0,0
0.1214,22.7356,0,0
0.121433,22.7356,0,0
0.121467,24.3683,0,0
0.1215,24.3683,0,0
0.121533,25.7263,0,0
0.121567,25.7263,0,0
0.1216,25.9857,0,0
0.121633,25.9857,0,0
0.121667,25.2686,0,0
0.1217,25.2686,0,0
0.121733,23.9868,0,0
0.121767,23.9868,0,0
0.1218,22.2778,0,0
0.121833,22.2778,0,0
0.121867,21.2097,0,0
0.1219,21.2097,0,0
0.121933,20.3552,0,0
0.121967,20.3552,0,0
0.122,20.1874,0,0
0.122033,20.1874,0,0
0.122067,20.0043,0,0
0.1221,20.0043,0,0
0.122133,19.4855,0,0
0.122167,19.4855,0,0
0.1222,19.1498,0,0
0.122233,19.1498,0,0
0.122267,18.5394,0,0
0.1223,18.5394,0,0
0.122333,18.158,0,0
0.122367,18.158,0,0
0.1224,18.1427,0,0
0.122433,18.1427,0,0
0.122467,18.4784,0,0
0.1225,18.4784,0,0
0.122533,20.2789,0,0
0.122567,20.2789,0,0
0.1226,20.6299,0,0
0.122633,20.6299,0,0
0.122667,20.7367,0,0
0.1227,20.7367,0,0
0.122733,21.3165,0,0
0.122767,21.3165,0,0
0.1228,20.0195,0,0
0.122833,20.0195,0,0
0.122867,17.4103,0,0
0.1229,17.4103,0,0
0.122933,15.4419,0,0
0.122967,15.4419,0,0
0.123,13.8092,0,0
0.123033,13.8092,0,0
0.123067,13.0157,0,0
0.1231,13.0157,0,0
0.123133,13.6261,0,0
0.123167,13.6261,0,0
0.1232,14.4501,0,0
0.123233,14.4501,0,0
0.123267,14.679,0,0
0.1233,14.679,0,0
0.123333,15.4877,0,0
0.123367,15.4877,0,0
0.1234,16.0522,0,0
0.123433,16.0522,0,0
0.123467,16.0522,0,0
0.1235,16.0522,0,0
0.123533,15.6708,0,0
0.123567,15.6708,0,0
0.1236,16.4642,0,0
0.123633,16.4642,0,0
0.123667,18.1732,0,0
0.1237,18.1732,0,0
0.123733,20.34,0,0
0.123767,20.34,0,0
0.1238,21.8048,0,0
0.123833,21.8048,0,0
0.123867,21.5759,0,0
0.1239,21.5759,0,0
0.123933,20.4163,0,0
0.123967,20.4163,0,0
0.124,20.7672,0,0
0.124033,20.7672,0,0
0.124067,22.2168,0,0
0.1241,22.2168,0,0
0.124133,23.5748,0,0
0.124167,23.5748,0,0
0.1242,24.3683,0,0
0.124233,24.3683,0,0
0.124267,24.5209,0,0
0.1243,24.5209,0,0
0.124333,23.3002,0,0
0.124367,23.3002,0,0
0.1244,22.7509,0,0
0.124433,22.7509,0,0
0.124467,21.9421,0,0
0.1245,21.9421,0,0
0.124533,21.2402,0,0
0.124567,21.2402,0,0
0.1246,20.5688,0,0
0.124633,20.5688,0,0
0.124667,19.9738,0,0
0.1247,19.9738,0,0
0.124733,20.4315,0,0
0.124767,20.4315,0,0
0.1248,20.9656,0,0
0.124833,20.9656,0,0
0.124867,21.5607,0,0
0.1249,21.5607,0,0
0.124933,21.8811,0,0
0.124967,21.8811,0,0
0.125,21.1945,0,0
0.125033,21.1945,0,0
0.125067,20.3247,0,0
0.1251,20.3247,0,0
0.125133,19.1193,0,0
0.125167,19.1193,0,0
0.1252,17.8223,0,0
0.125233,17.8223,0,0
0.125267,15.6708,0,0
0.1253,15.6708,0,0
0.125333,13.6871,0,0
0.125367,13.6871,0,0
0.1254,12.0697,0,0
0.125433,12.0697,0,0
0.125467,11.673,0,0
0.1255,11.673,0,0
0.125533,13.5498,0,0
0.125567,13.5498,0,0
0.1256,16.2964,0,0
0.125633,16.2964,0,0
0.125667,19.7449,0,0
0.1257,19.7449,0,0
0.125733,22.3694,0,0
0.125767,22.3694,0,0
0.1258,22.5372,0,0
0.125833,22.5372,0,0
0.125867,20.2179,0,0
0.1259,20.2179,0,0
0.125933,17.1967,0,0
0.125967,17.1967,0,0
0.126,14.7095,0,0
0.126033,14.7095,0,0
0.126067,13.8855,0,0
0.1261,13.8855,0,0
0.126133,14.2517,0,0
0.126167,14.2517,0,0
0.1262,14.7247,0,0
0.126233,14.7247,0,0
0.126267,13.8397,0,0
0.1263,13.8397,0,0
0.126333,12.4664,0,0
0.126367,12.4664,0,0
0.1264,12.4512,0,0
0.126433,12.4512,0,0
0.126467,12.1155,0,0
0.1265,12.1155,0,0
0.126533,12.0392,0,0
0.126567,12.0392,0,0
0.1266,11.7035,0,0
0.126633,11.7035,0,0
0.126667,11.1847,0,0
0.1267,11.1847,0,0
0.126733,10.9406,0,0
0.126767,10.9406,0,0
0.1268,13.0768,0,0
0.126833,13.0768,0,0
0.126867,15.4724,0,0
0.1269,15.4724,0,0
0.126933,16.9373,0,0
0.126967,16.9373,0,0
0.127,15.8844,0,0
0.127033,15.8844,0,0
0.127067,13.0463,0,0
0.1271,13.0463,0,0
0.127133,10.6201,0,0
0.127167,10.6201,0,0
0.1272,9.67407,0,0
0.127233,9.67407,0,0
0.127267,11.9324,0,0
0.1273,11.9324,0,0
0.127333,15.4572,0,0
0.127367,15.4572,0,0
0.1274,18.1274,0,0
0.127433,18.1274,0,0
0.127467,19.2413,0,0
0.1275,19.2413,0,0
0.127533,18.3868,0,0
0.127567,18.3868,0,0
0.1276,16.5558,0,0
0.127633,16.5558,0,0
0.127667,14.7552,0,0
0.1277,14.7552,0,0
0.127733,12.7411,0,0
0.127767,12.7411,0,0
0.1278,10.3302,0,0
0.127833,10.3302,0,0
0.127867,8.04138,0,0
0.1279,8.04138,0,0
0.127933,7.2937,0,0
0.127967,7.2937,0,0
0.128,8.23975,0,0
0.128033,8.23975,0,0
0.128067,9.30786,0,0
0.1281,9.30786,0,0
0.128133,10.6964,0,0
0.128167,10.6964,0,0
0.1282,10.0861,0,0
0.128233,10.0861,0,0
0.128267,8.42285,0,0
0.1283,8.42285,0,0
0.128333,7.44629,0,0
0.128367,7.44629,0,0
0.1284,7.35474,0,0
0.128433,7.35474,0,0
0.128467,9.65881,0,0
0.1285,9.65881,0,0
0.128533,12.5427,0,0
0.128567,12.5427,0,0
0.1286,14.6637,0,0
0.128633,14.6637,0,0
0.128667,16.7084,0,0
0.1287,16.7084,0,0
0.128733,17.3798,0,0
0.128767,17.3798,0,0
0.1288,17.2424,0,0
0.128833,17.2424,0,0
0.128867,17.4255,0,0
0.1289,17.4255,0,0
0.128933,18.1122,0,0
0.128967,18.1122,0,0
0.129,18.7683,0,0
0.129033,18.7683,0,0
0.129067,17.4561,0,0
0.1291,17.4561,0,0
0.129133,15.9454,0,0
0.129167,15.9454,0,0
0.1292,14.0991,0,0
0.129233,14.0991,0,0
0.129267,11.7493,0,0
0.1293,11.7493,0,0
0.129333,10.9406,0,0
0.129367,10.9406,0,0
0.1294,9.99451,0,0
0.129433,9.99451,0,0
0.129467,8.0719,0,0
0.1295,8.0719,0,0
0.129533,4.97437,0,0
0.129567,4.97437,0,0
0.1296,2.53296,0,0
0.129633,2.53296,0,0
0.129667,0.88501,0,0
0.1297,0.88501,0,0
0.129733,0.50354,0,0
0.129767,0.50354,0,0
0.1298,0.62561,0,0
0.129833,0.62561,0,0
0.129867,0.778198,0,0
0.1299,0.778198,0,0
0.129933,1.09863,0,0
0.129967,1.09863,0,0
0.13,2.85339,0,0
0.130033,2.85339,0,0
0.130067,7.0343,0,0
0.1301,7.0343,0,0
0.130133,11.8561,0,0
0.130167,11.8561,0,0
0.1302,15.625,0,0
0.130233,15.625,0,0
0.130267,17.868,0,0
0.1303,17.868,0,0
0.130333,18.4631,0,0
0.130367,18.4631,0,0
0.1304,17.7307,0,0
0.130433,17.7307,0,0
0.130467,17.2119,0,0
0.1305,17.2119,0,0
0.130533,16.8152,0,0
0.130567,16.8152,0,0
0.1306,17.5629,0,0
0.130633,17.5629,0,0
0.130667,19.3329,0,0
0.1307,19.3329,0,0
0.130733,19.9738,0,0
0.130767,19.9738,0,0
0.1308,19.0735,0,0
0.130833,19.0735,0,0
0.130867,16.8915,0,0
0.1309,16.8915,0,0
0.130933,15.0757,0,0
0.130967,15.0757,0,0
0.131,14.8163,0,0
0.131033,14.8163,0,0
0.131067,15.8539,0,0
0.1311,15.8539,0,0
0.131133,15.9302,0,0
0.131167,15.9302,0,0
0.1312,14.2059,0,0
0.131233,14.2059,0,0
0.131267,12.0392,0,0
0.1313,12.0392,0,0
0.131333,10.6506,0,0
0.131367,10.6506,0,0
0.1314,10.7727,0,0
0.131433,10.7727,0,0
0.131467,12.7869,0,0
0.1315,12.7869,0,0
0.131533,14.7705,0,0
0.131567,14.7705,0,0
0.1316,16.2659,0,0
0.131633,16.2659,0,0
0.131667,17.5781,0,0
0.1317,17.5781,0,0
0.131733,18.6768,0,0